This is LuaHBTeX, Version 1.21.0 (TeX Live 2025)  (format=lualatex 2025.3.8)  10 APR 2026 14:58
 restricted system commands enabled.
**index.tex
(./index.tex
LaTeX2e <2024-11-01> patch level 2
L3 programming layer <2025-01-18>
Lua module: luaotfload 2024-12-03 v3.29 Lua based OpenType font support
Lua module: lualibs 2023-07-13 v2.76 ConTeXt Lua standard libraries.
Lua module: lualibs-extended 2023-07-13 v2.76 ConTeXt Lua libraries -- extended 
collection.
luaotfload | conf : Root cache directory is "/Users/rcaraher/Library/texlive/202
5/texmf-var/luatex-cache/generic/names".
luaotfload | init : Loading fontloader "fontloader-2023-12-28.lua" from kpse-res
olved path "/usr/local/texlive/2025/texmf-dist/tex/luatex/luaotfload/fontloader-
2023-12-28.lua".
Lua-only attribute luaotfload@noligature = 1
luaotfload | init : Context OpenType loader version 3.134
Inserting `luaotfload.node_processor' in `pre_linebreak_filter'.
Inserting `luaotfload.node_processor' in `hpack_filter'.
Inserting `luaotfload.glyph_stream' in `glyph_stream_provider'.
Inserting `luaotfload.define_font' in `define_font'.
Lua-only attribute luaotfload_color_attribute = 2
luaotfload | conf : Root cache directory is "/Users/rcaraher/Library/texlive/202
5/texmf-var/luatex-cache/generic/names".
Inserting `luaotfload.harf.strip_prefix' in `find_opentype_file'.
Inserting `luaotfload.harf.strip_prefix' in `find_truetype_file'.
Removing  `luaotfload.glyph_stream' from `glyph_stream_provider'.
Inserting `luaotfload.harf.glyphstream' in `glyph_stream_provider'.
Inserting `luaotfload.harf.finalize_vlist' in `post_linebreak_filter'.
Inserting `luaotfload.harf.finalize_hlist' in `hpack_filter'.
Inserting `luaotfload.cleanup_files' in `wrapup_run'.
Inserting `luaotfload.harf.finalize_unicode' in `finish_pdffile'.
Inserting `luaotfload.glyphinfo' in `glyph_info'.
Lua-only attribute luaotfload.letterspace_done = 3
Inserting `luaotfload.aux.set_sscale_dimens' in `luaotfload.patch_font'.
Inserting `luaotfload.aux.set_font_index' in `luaotfload.patch_font'.
Inserting `luaotfload.aux.patch_cambria_domh' in `luaotfload.patch_font'.
Inserting `luaotfload.aux.fixup_fontdata' in `luaotfload.patch_font_unsafe'.
Inserting `luaotfload.aux.set_capheight' in `luaotfload.patch_font'.
Inserting `luaotfload.aux.set_xheight' in `luaotfload.patch_font'.
Inserting `luaotfload.rewrite_fontname' in `luaotfload.patch_font'.
Inserting `tracingstacklevels' in `input_level_string'. (/usr/local/texlive/202
5/texmf-dist/tex/latex/koma-script/scrreprt.cls
Document Class: scrreprt 2024/10/24 v3.43 KOMA-Script document class (report)
(/usr/local/texlive/2025/texmf-dist/tex/latex/koma-script/scrkbase.sty
Package: scrkbase 2024/10/24 v3.43 KOMA-Script package (KOMA-Script-dependent b
asics and keyval usage)
(/usr/local/texlive/2025/texmf-dist/tex/latex/koma-script/scrbase.sty
Package: scrbase 2024/10/24 v3.43 KOMA-Script package (KOMA-Script-independent 
basics and keyval usage)
(/usr/local/texlive/2025/texmf-dist/tex/latex/koma-script/scrlfile.sty
Package: scrlfile 2024/10/24 v3.43 KOMA-Script package (file load hooks)
(/usr/local/texlive/2025/texmf-dist/tex/latex/koma-script/scrlfile-hook.sty
Package: scrlfile-hook 2024/10/24 v3.43 KOMA-Script package (using LaTeX hooks)

(/usr/local/texlive/2025/texmf-dist/tex/latex/koma-script/scrlogo.sty
Package: scrlogo 2024/10/24 v3.43 KOMA-Script package (logo)
))) (/usr/local/texlive/2025/texmf-dist/tex/latex/graphics/keyval.sty
Package: keyval 2022/05/29 v1.15 key=value parser (DPC)
\KV@toks@=\toks17
)
Applying: [2021/05/01] Usage of raw or classic option list on input line 254.
Already applied: [0000/00/00] Usage of raw or classic option list on input line
 370.
)) (/usr/local/texlive/2025/texmf-dist/tex/latex/koma-script/tocbasic.sty
Package: tocbasic 2024/10/24 v3.43 KOMA-Script package (handling toc-files)
\scr@dte@tocline@numberwidth=\skip49
\scr@dte@tocline@numbox=\box52
)
Package tocbasic Info: omitting babel extension for `toc'
(tocbasic)             because of feature `nobabel' available
(tocbasic)             for `toc' on input line 137.
Class scrreprt Info: File `scrsize11pt.clo' used instead of
(scrreprt)           file `scrsize11.clo' to setup font sizes on input line 271
3.
(/usr/local/texlive/2025/texmf-dist/tex/latex/koma-script/scrsize11pt.clo
File: scrsize11pt.clo 2024/10/24 v3.43 KOMA-Script font size class option (11pt
)
luaotfload | db : Font names database loaded from /Users/rcaraher/Library/texliv
e/2025/texmf-var/luatex-cache/generic/names/luaotfload-names.luc.gz) (/usr/loca
l/texlive/2025/texmf-dist/tex/latex/koma-script/typearea.sty
Package: typearea 2024/10/24 v3.43 KOMA-Script package (type area)
\ta@bcor=\skip50
\ta@div=\count194
Package typearea Info: You've used standard option `letterpaper'.
(typearea)             This is correct!
(typearea)             Internally I'm using `paper=letter'.
(typearea)             If you'd like to set the option with \KOMAoptions,
(typearea)             you'd have to use `paper=letter' there
(typearea)             instead of `letterpaper', too.
\ta@hblk=\skip51
\ta@vblk=\skip52
\ta@temp=\skip53
\footheight=\skip54
Package typearea Info: These are the values describing the layout:
(typearea)             DIV  = 11
(typearea)             BCOR = 0.0pt
(typearea)             \paperwidth      = 614.295pt
(typearea)              \textwidth      = 446.76004pt
(typearea)              DIV departure   = -14%
(typearea)              \evensidemargin = 11.49748pt
(typearea)              \oddsidemargin  = 11.49748pt
(typearea)             \paperheight     = 794.96999pt
(typearea)              \textheight     = 582.20026pt
(typearea)              \topmargin      = -37.40001pt
(typearea)              \headheight     = 17.0pt
(typearea)              \headsep        = 20.40001pt
(typearea)              \topskip        = 11.0pt
(typearea)              \footskip       = 47.6pt
(typearea)              \baselineskip   = 13.6pt
(typearea)              on input line 1802.
)
\c@part=\count195
\c@chapter=\count196
\c@section=\count197
\c@subsection=\count198
\c@subsubsection=\count199
\c@paragraph=\count266
\c@subparagraph=\count267
\scr@dte@chapter@maxnumwidth=\skip55
Class scrreprt Info: using compatibility default `afterindent=bysign'
(scrreprt)           for `\chapter on input line 6020.
\scr@dte@section@maxnumwidth=\skip56
Class scrreprt Info: using compatibility default `runin=bysign'
(scrreprt)           for `\section on input line 6031.
Class scrreprt Info: using compatibility default `afterindent=bysign'
(scrreprt)           for `\section on input line 6031.
\scr@dte@part@maxnumwidth=\skip57
Class scrreprt Info: using compatibility default `afterindent=true'
(scrreprt)           for `\part on input line 6040.
\scr@dte@subsection@maxnumwidth=\skip58
Class scrreprt Info: using compatibility default `runin=bysign'
(scrreprt)           for `\subsection on input line 6050.
Class scrreprt Info: using compatibility default `afterindent=bysign'
(scrreprt)           for `\subsection on input line 6050.
\scr@dte@subsubsection@maxnumwidth=\skip59
Class scrreprt Info: using compatibility default `runin=bysign'
(scrreprt)           for `\subsubsection on input line 6060.
Class scrreprt Info: using compatibility default `afterindent=bysign'
(scrreprt)           for `\subsubsection on input line 6060.
\scr@dte@paragraph@maxnumwidth=\skip60
Class scrreprt Info: using compatibility default `runin=bysign'
(scrreprt)           for `\paragraph on input line 6071.
Class scrreprt Info: using compatibility default `afterindent=bysign'
(scrreprt)           for `\paragraph on input line 6071.
\scr@dte@subparagraph@maxnumwidth=\skip61
Class scrreprt Info: using compatibility default `runin=bysign'
(scrreprt)           for `\subparagraph on input line 6081.
Class scrreprt Info: using compatibility default `afterindent=bysign'
(scrreprt)           for `\subparagraph on input line 6081.
\abovecaptionskip=\skip62
\belowcaptionskip=\skip63
\c@pti@nb@sid@b@x=\box53
Package tocbasic Info: omitting babel extension for `lof'
(tocbasic)             because of feature `nobabel' available
(tocbasic)             for `lof' on input line 7269.
\scr@dte@figure@maxnumwidth=\skip64
\c@figure=\count268
Package tocbasic Info: omitting babel extension for `lot'
(tocbasic)             because of feature `nobabel' available
(tocbasic)             for `lot' on input line 7286.
\scr@dte@table@maxnumwidth=\skip65
\c@table=\count269
Class scrreprt Info: Redefining `\numberline' on input line 7457.
\bibindent=\dimen140
) (/usr/local/texlive/2025/texmf-dist/tex/latex/xcolor/xcolor.sty
Package: xcolor 2024/09/29 v3.02 LaTeX color extensions (UK)
(/usr/local/texlive/2025/texmf-dist/tex/latex/graphics-cfg/color.cfg
File: color.cfg 2016/01/02 v1.6 sample color configuration
)
Package xcolor Info: Driver file: luatex.def on input line 274.
(/usr/local/texlive/2025/texmf-dist/tex/latex/graphics-def/luatex.def
File: luatex.def 2024/04/13 v1.2e Graphics/color driver for luatex
) (/usr/local/texlive/2025/texmf-dist/tex/latex/graphics/mathcolor.ltx)
Package xcolor Info: Model `cmy' substituted by `cmy0' on input line 1349.
Package xcolor Info: Model `hsb' substituted by `rgb' on input line 1353.
Package xcolor Info: Model `RGB' extended on input line 1365.
Package xcolor Info: Model `HTML' substituted by `rgb' on input line 1367.
Package xcolor Info: Model `Hsb' substituted by `hsb' on input line 1368.
Package xcolor Info: Model `tHsb' substituted by `hsb' on input line 1369.
Package xcolor Info: Model `HSB' substituted by `hsb' on input line 1370.
Package xcolor Info: Model `Gray' substituted by `gray' on input line 1371.
Package xcolor Info: Model `wave' substituted by `hsb' on input line 1372.
) (/usr/local/texlive/2025/texmf-dist/tex/latex/graphics/dvipsnam.def
File: dvipsnam.def 2016/06/17 v3.0m Driver-dependent file (DPC,SPQR)
) (/usr/local/texlive/2025/texmf-dist/tex/latex/xcolor/svgnam.def
File: svgnam.def 2024/09/29 v3.02 Predefined colors according to SVG 1.1 (UK)
) (/usr/local/texlive/2025/texmf-dist/tex/latex/xcolor/x11nam.def
File: x11nam.def 2024/09/29 v3.02 Predefined colors according to Unix/X11 (UK)
) (/usr/local/texlive/2025/texmf-dist/tex/latex/amsmath/amsmath.sty
Package: amsmath 2024/11/05 v2.17t AMS math features
\@mathmargin=\skip66
For additional information on amsmath, use the `?' option.
(/usr/local/texlive/2025/texmf-dist/tex/latex/amsmath/amstext.sty
Package: amstext 2021/08/26 v2.01 AMS text
(/usr/local/texlive/2025/texmf-dist/tex/latex/amsmath/amsgen.sty
File: amsgen.sty 1999/11/30 v2.0 generic functions
\@emptytoks=\toks18
\ex@=\dimen141
)) (/usr/local/texlive/2025/texmf-dist/tex/latex/amsmath/amsbsy.sty
Package: amsbsy 1999/11/29 v1.2d Bold Symbols
\pmbraise@=\dimen142
) (/usr/local/texlive/2025/texmf-dist/tex/latex/amsmath/amsopn.sty
Package: amsopn 2022/04/08 v2.04 operator names
)
\inf@bad=\count270
LaTeX Info: Redefining \frac on input line 235.
\uproot@=\count271
\leftroot@=\count272
LaTeX Info: Redefining \overline on input line 398.
LaTeX Info: Redefining \colon on input line 409.
\classnum@=\count273
\DOTSCASE@=\count274
LaTeX Info: Redefining \ldots on input line 495.
LaTeX Info: Redefining \dots on input line 498.
LaTeX Info: Redefining \cdots on input line 619.
\Mathstrutbox@=\box54
\strutbox@=\box55
LaTeX Info: Redefining \big on input line 721.
LaTeX Info: Redefining \Big on input line 722.
LaTeX Info: Redefining \bigg on input line 723.
LaTeX Info: Redefining \Bigg on input line 724.
\big@size=\dimen143
LaTeX Font Info:    Redeclaring font encoding OML on input line 742.
LaTeX Font Info:    Redeclaring font encoding OMS on input line 743.
\macc@depth=\count275
LaTeX Info: Redefining \bmod on input line 904.
LaTeX Info: Redefining \pmod on input line 909.
LaTeX Info: Redefining \smash on input line 939.
LaTeX Info: Redefining \relbar on input line 969.
LaTeX Info: Redefining \Relbar on input line 970.
\c@MaxMatrixCols=\count276
\dotsspace@=\muskip17
\c@parentequation=\count277
\dspbrk@lvl=\count278
\tag@help=\toks19
\row@=\count279
\column@=\count280
\maxfields@=\count281
\andhelp@=\toks20
\eqnshift@=\dimen144
\alignsep@=\dimen145
\tagshift@=\dimen146
\tagwidth@=\dimen147
\totwidth@=\dimen148
\lineht@=\dimen149
\@envbody=\toks21
\multlinegap=\skip67
\multlinetaggap=\skip68
\mathdisplay@stack=\toks22
LaTeX Info: Redefining \[ on input line 2953.
LaTeX Info: Redefining \] on input line 2954.
) (/usr/local/texlive/2025/texmf-dist/tex/latex/amsfonts/amssymb.sty
Package: amssymb 2013/01/14 v3.01 AMS font symbols
(/usr/local/texlive/2025/texmf-dist/tex/latex/amsfonts/amsfonts.sty
Package: amsfonts 2013/01/14 v3.01 Basic AMSFonts support
\symAMSa=\mathgroup4
\symAMSb=\mathgroup5
LaTeX Font Info:    Redeclaring math symbol \hbar on input line 98.
LaTeX Font Info:    Overwriting math alphabet `\mathfrak' in version `bold'
(Font)                  U/euf/m/n --> U/euf/b/n on input line 106.
)) (/usr/local/texlive/2025/texmf-dist/tex/generic/iftex/iftex.sty
Package: iftex 2024/12/12 v1.0g TeX engine tests
) (/usr/local/texlive/2025/texmf-dist/tex/latex/unicode-math/unicode-math.sty (/usr/local/texlive/2025/texmf-dist/tex/latex/l3kernel/expl3.sty
Package: expl3 2025-01-18 L3 programming layer (loader) 
(/usr/local/texlive/2025/texmf-dist/tex/latex/l3backend/l3backend-luatex.def
File: l3backend-luatex.def 2024-05-08 L3 backend support: PDF output (LuaTeX)
\l__color_backend_stack_int=\count282
Inserting `l3color' in `luaotfload.parse_color'.
\l__pdf_internal_box=\box56
))
Package: unicode-math 2023/08/13 v0.8r Unicode maths in XeLaTeX and LuaLaTeX

(/usr/local/texlive/2025/texmf-dist/tex/latex/unicode-math/unicode-math-luatex.
sty
Package: unicode-math-luatex 2023/08/13 v0.8r Unicode maths in XeLaTeX and LuaL
aTeX
(/usr/local/texlive/2025/texmf-dist/tex/latex/l3packages/xparse/xparse.sty
Package: xparse 2024-08-16 L3 Experimental document command parser
) (/usr/local/texlive/2025/texmf-dist/tex/latex/l3packages/l3keys2e/l3keys2e.st
y
Package: l3keys2e 2024-08-16 LaTeX2e option processing using LaTeX3 keys
) (/usr/local/texlive/2025/texmf-dist/tex/latex/fontspec/fontspec.sty
Package: fontspec 2024/05/11 v2.9e Font selection for XeLaTeX and LuaLaTeX
Lua module: fontspec 2024/05/11 v2.9e Font selection for XeLaTeX and LuaLaTeX (/usr/local/texlive/2025/texmf-dist/tex/latex/fontspec/fontspec-luatex.sty
Package: fontspec-luatex 2024/05/11 v2.9e Font selection for XeLaTeX and LuaLaT
eX
\l__fontspec_script_int=\count283
\l__fontspec_language_int=\count284
\l__fontspec_strnum_int=\count285
\l__fontspec_tmp_int=\count286
\l__fontspec_tmpa_int=\count287
\l__fontspec_tmpb_int=\count288
\l__fontspec_tmpc_int=\count289
\l__fontspec_em_int=\count290
\l__fontspec_emdef_int=\count291
\l__fontspec_strong_int=\count292
\l__fontspec_strongdef_int=\count293
\l__fontspec_tmpa_dim=\dimen150
\l__fontspec_tmpb_dim=\dimen151
\l__fontspec_tmpc_dim=\dimen152
(/usr/local/texlive/2025/texmf-dist/tex/latex/base/fontenc.sty
Package: fontenc 2021/04/29 v2.0v Standard LaTeX package
) (/usr/local/texlive/2025/texmf-dist/tex/latex/fontspec/fontspec.cfg))) (/usr/
local/texlive/2025/texmf-dist/tex/latex/base/fix-cm.sty
Package: fix-cm 2020/11/24 v1.1t fixes to LaTeX
(/usr/local/texlive/2025/texmf-dist/tex/latex/base/ts1enc.def
File: ts1enc.def 2001/06/05 v3.0e (jk/car/fm) Standard LaTeX file
LaTeX Font Info:    Redeclaring font encoding TS1 on input line 47.
))
(/usr/local/texlive/2025/texmf-dist/tex/lualatex/lualatex-math/lualatex-math.st
y
Package: lualatex-math 2022/01/01 v1.12 Patches for mathematics typesetting wit
h LuaLaTeX
(/usr/local/texlive/2025/texmf-dist/tex/latex/etoolbox/etoolbox.sty
Package: etoolbox 2025/02/11 v2.5l e-TeX tools for LaTeX (JAW)
\etb@tempcnta=\count294
)
Lua module: lualatex-math 2013/08/03 v1.3 Patches for mathematics typesetting wi
th LuaLaTeX)
\g__um_fam_int=\count295
\g__um_fonts_used_int=\count296
\l__um_primecount_int=\count297
\g__um_primekern_muskip=\muskip18

(/usr/local/texlive/2025/texmf-dist/tex/latex/unicode-math/unicode-math-table.t
ex))) (/usr/local/texlive/2025/texmf-dist/tex/latex/lm/lmodern.sty
Package: lmodern 2015/05/01 v1.6.1 Latin Modern Fonts
LaTeX Font Info:    Overwriting symbol font `operators' in version `normal'
(Font)                  OT1/cmr/m/n --> OT1/lmr/m/n on input line 22.
LaTeX Font Info:    Overwriting symbol font `letters' in version `normal'
(Font)                  OML/cmm/m/it --> OML/lmm/m/it on input line 23.
LaTeX Font Info:    Overwriting symbol font `symbols' in version `normal'
(Font)                  OMS/cmsy/m/n --> OMS/lmsy/m/n on input line 24.
LaTeX Font Info:    Overwriting symbol font `largesymbols' in version `normal'
(Font)                  OMX/cmex/m/n --> OMX/lmex/m/n on input line 25.
LaTeX Font Info:    Overwriting symbol font `operators' in version `bold'
(Font)                  OT1/cmr/bx/n --> OT1/lmr/bx/n on input line 26.
LaTeX Font Info:    Overwriting symbol font `letters' in version `bold'
(Font)                  OML/cmm/b/it --> OML/lmm/b/it on input line 27.
LaTeX Font Info:    Overwriting symbol font `symbols' in version `bold'
(Font)                  OMS/cmsy/b/n --> OMS/lmsy/b/n on input line 28.
LaTeX Font Info:    Overwriting symbol font `largesymbols' in version `bold'
(Font)                  OMX/cmex/m/n --> OMX/lmex/m/n on input line 29.
LaTeX Font Info:    Overwriting math alphabet `\mathbf' in version `normal'
(Font)                  OT1/cmr/bx/n --> OT1/lmr/bx/n on input line 31.
LaTeX Font Info:    Overwriting math alphabet `\mathsf' in version `normal'
(Font)                  OT1/cmss/m/n --> OT1/lmss/m/n on input line 32.
LaTeX Font Info:    Overwriting math alphabet `\mathit' in version `normal'
(Font)                  OT1/cmr/m/it --> OT1/lmr/m/it on input line 33.
LaTeX Font Info:    Overwriting math alphabet `\mathtt' in version `normal'
(Font)                  OT1/cmtt/m/n --> OT1/lmtt/m/n on input line 34.
LaTeX Font Info:    Overwriting math alphabet `\mathbf' in version `bold'
(Font)                  OT1/cmr/bx/n --> OT1/lmr/bx/n on input line 35.
LaTeX Font Info:    Overwriting math alphabet `\mathsf' in version `bold'
(Font)                  OT1/cmss/bx/n --> OT1/lmss/bx/n on input line 36.
LaTeX Font Info:    Overwriting math alphabet `\mathit' in version `bold'
(Font)                  OT1/cmr/bx/it --> OT1/lmr/bx/it on input line 37.
LaTeX Font Info:    Overwriting math alphabet `\mathtt' in version `bold'
(Font)                  OT1/cmtt/m/n --> OT1/lmtt/m/n on input line 38.
) (/usr/local/texlive/2025/texmf-dist/tex/latex/upquote/upquote.sty
Package: upquote 2012/04/19 v1.3 upright-quote and grave-accent glyphs in verba
tim
(/usr/local/texlive/2025/texmf-dist/tex/latex/base/textcomp.sty
Package: textcomp 2024/04/24 v2.1b Standard LaTeX package
)) (/usr/local/texlive/2025/texmf-dist/tex/latex/microtype/microtype.sty
Package: microtype 2025/02/11 v3.2a Micro-typographical refinements (RS)
\MT@toks=\toks23
\MT@tempbox=\box57
\MT@count=\count298
LaTeX Info: Redefining \noprotrusionifhmode on input line 1087.
LaTeX Info: Redefining \leftprotrusion on input line 1088.
\MT@prot@toks=\toks24
LaTeX Info: Redefining \rightprotrusion on input line 1107.
LaTeX Info: Redefining \textls on input line 1449.
\MT@outer@kern=\dimen153
LaTeX Info: Redefining \microtypecontext on input line 2053.
LaTeX Info: Redefining \textmicrotypecontext on input line 2070.
\MT@listname@count=\count299
(/usr/local/texlive/2025/texmf-dist/tex/latex/microtype/microtype-luatex.def
File: microtype-luatex.def 2025/02/11 v3.2a Definitions specific to luatex (RS)

Lua module: microtype 2025/02/11 v3.2a microtype module.
Module microtype Info: overwriting function `keepligature' on input line 63
LaTeX Info: Redefining \lsstyle on input line 779.
LaTeX Info: Redefining \lslig on input line 779.
\MT@outer@space=\skip69
)
Package microtype Info: Loading configuration file microtype.cfg.
(/usr/local/texlive/2025/texmf-dist/tex/latex/microtype/microtype.cfg
File: microtype.cfg 2025/02/11 v3.2a microtype main configuration file (RS)
)
LaTeX Info: Redefining \microtypesetup on input line 3065.
) (/usr/local/texlive/2025/texmf-dist/tex/latex/fancyvrb/fancyvrb.sty
Package: fancyvrb 2024/01/20 4.5c verbatim text (tvz,hv)
\FV@CodeLineNo=\count300
\FV@InFile=\read2
\FV@TabBox=\box58
\c@FancyVerbLine=\count301
\FV@StepNumber=\count302
\FV@OutFile=\write3
) (/usr/local/texlive/2025/texmf-dist/tex/latex/framed/framed.sty
Package: framed 2011/10/22 v 0.96: framed or shaded text with page breaks
\OuterFrameSep=\skip70
\fb@frw=\dimen154
\fb@frh=\dimen155
\FrameRule=\dimen156
\FrameSep=\dimen157
) (/usr/local/texlive/2025/texmf-dist/tex/latex/tools/longtable.sty
Package: longtable 2024-10-27 v4.22 Multi-page Table package (DPC)
\LTleft=\skip71
\LTright=\skip72
\LTpre=\skip73
\LTpost=\skip74
\LTchunksize=\count303
\LTcapwidth=\dimen158
\LT@head=\box59
\LT@firsthead=\box60
\LT@foot=\box61
\LT@lastfoot=\box62
\LT@gbox=\box63
\LT@cols=\count304
\LT@rows=\count305
\c@LT@tables=\count306
\c@LT@chunks=\count307
\LT@p@ftn=\toks25
)
Class scrreprt Info: longtable captions redefined on input line 110.
(/usr/local/texlive/2025/texmf-dist/tex/latex/booktabs/booktabs.sty
Package: booktabs 2020/01/12 v1.61803398 Publication quality tables
\heavyrulewidth=\dimen159
\lightrulewidth=\dimen160
\cmidrulewidth=\dimen161
\belowrulesep=\dimen162
\belowbottomsep=\dimen163
\aboverulesep=\dimen164
\abovetopsep=\dimen165
\cmidrulesep=\dimen166
\cmidrulekern=\dimen167
\defaultaddspace=\dimen168
\@cmidla=\count308
\@cmidlb=\count309
\@aboverulesep=\dimen169
\@belowrulesep=\dimen170
\@thisruleclass=\count310
\@lastruleclass=\count311
\@thisrulewidth=\dimen171
) (/usr/local/texlive/2025/texmf-dist/tex/latex/tools/array.sty
Package: array 2024/10/17 v2.6g Tabular extension package (FMi)
\col@sep=\dimen172
\ar@mcellbox=\box64
\extrarowheight=\dimen173
\NC@list=\toks26
\extratabsurround=\skip75
\backup@length=\skip76
\ar@cellbox=\box65
)
\c@none=\count312
(/usr/local/texlive/2025/texmf-dist/tex/latex/tools/calc.sty
Package: calc 2023/07/08 v4.3 Infix arithmetic (KKT,FJ)
\calc@Acount=\count313
\calc@Bcount=\count314
\calc@Adimen=\dimen174
\calc@Bdimen=\dimen175
\calc@Askip=\skip77
\calc@Bskip=\skip78
LaTeX Info: Redefining \setlength on input line 80.
LaTeX Info: Redefining \addtolength on input line 81.
\calc@Ccount=\count315
\calc@Cskip=\skip79
) (/usr/local/texlive/2025/texmf-dist/tex/latex/footnotehyper/footnotehyper.sty
Package: footnotehyper 2021/08/13 v1.1e hyperref aware footnote.sty (JFB)
\FNH@notes=\box66
\FNH@width=\dimen176
\FNH@toks=\toks27
) (/usr/local/texlive/2025/texmf-dist/tex/latex/graphics/graphicx.sty
Package: graphicx 2021/09/16 v1.2d Enhanced LaTeX Graphics (DPC,SPQR)
(/usr/local/texlive/2025/texmf-dist/tex/latex/graphics/graphics.sty
Package: graphics 2024/08/06 v1.4g Standard LaTeX Graphics (DPC,SPQR)
(/usr/local/texlive/2025/texmf-dist/tex/latex/graphics/trig.sty
Package: trig 2023/12/02 v1.11 sin cos tan (DPC)
) (/usr/local/texlive/2025/texmf-dist/tex/latex/graphics-cfg/graphics.cfg
File: graphics.cfg 2016/06/04 v1.11 sample graphics configuration
)
Package graphics Info: Driver file: luatex.def on input line 106.
)
\Gin@req@height=\dimen177
\Gin@req@width=\dimen178
)
\pandoc@box=\box67
(/usr/local/texlive/2025/texmf-dist/tex/latex/luacolor/luacolor.sty
Package: luacolor 2023-08-18 v1.18 Color support via LuaTeX's attributes (HO)
Inserting `luacolor.process' in `pre_shipout_filter'.
\LuaCol@Attribute=\attribute4
) (/usr/local/texlive/2025/texmf-dist/tex/lualatex/lua-ul/lua-ul.sty
Package: lua-ul 2024-02-26 v0.2.1 Underlining and related functionality for Lua
TeX
Lua function luaul.restore_everyhbox = 29
Lua function luaul.new_underline_type = 30
Lua function luaul.set_underline_func = 31
Lua function luaul.reset_underline_func = 32
Module luatexbase Info: Uninstalling kernel luatexbase code on input line 36
Inserting `add underlines to list' in `pre_append_to_vlist_filter'.
Inserting `add underlines to list' in `hpack_filter'.
Inserting `add underlines to list' in `vpack_filter'.
Lua function sw@slant = 33
\l__luaul_top_dim=\dimen179
\l__luaul_bottom_dim=\dimen180
\l__luaul_height_dim=\dimen181
)
\cslhangindent=\skip80
\csllabelwidth=\skip81
(/usr/local/texlive/2025/texmf-dist/tex/latex/float/float.sty
Package: float 2001/11/08 v1.3d Float enhancements (AL)
\c@float@type=\count316
\float@exts=\toks28
\float@box=\box68
\@float@everytoks=\toks29
\@floatcapt=\box69
) (/usr/local/texlive/2025/texmf-dist/tex/latex/tabularray/tabularray.sty
Package: tabularray 2024-02-16 v2024A Typeset tabulars and arrays with LaTeX3
\l__tblr_a_int=\count317
\l__tblr_c_int=\count318
\l__tblr_r_int=\count319
\l__tblr_d_dim=\dimen182
\l__tblr_h_dim=\dimen183
\l__tblr_o_dim=\dimen184
\l__tblr_p_dim=\dimen185
\l__tblr_q_dim=\dimen186
\l__tblr_r_dim=\dimen187
\l__tblr_s_dim=\dimen188
\l__tblr_t_dim=\dimen189
\l__tblr_v_dim=\dimen190
\l__tblr_w_dim=\dimen191
\l__tblr_a_box=\box70
\l__tblr_b_box=\box71
\l__tblr_c_box=\box72
\l__tblr_d_box=\box73
\g__tblr_table_count_int=\count320
\c@rownum=\count321
\c@colnum=\count322
\c@rowcount=\count323
\c@colcount=\count324
\abovesep=\dimen192
\belowsep=\dimen193
\leftsep=\dimen194
\rightsep=\dimen195
\g_tblr_level_int=\count325
\g__tblr_data_row_key_count_int=\count326
\g__tblr_data_column_key_count_int=\count327
\g__tblr_data_cell_key_count_int=\count328
\g__tblr_array_int=\count329
\l__tblr_key_count_int=\count330
\l__tblr_key_quotient_int=\count331
\l__tblr_key_quotient_two_int=\count332
\l__tblr_key_remainder_int=\count333
\g__tblr_data_str_value_count_int=\count334
\rulewidth=\dimen196
\l__tblr_strut_dp_dim=\dimen197
\l__tblr_strut_ht_dim=\dimen198
\g__tblr_cell_wd_dim=\dimen199
\g__tblr_cell_ht_dim=\dimen256
\g__tblr_cell_head_dim=\dimen257
\g__tblr_cell_foot_dim=\dimen258
\l__column_target_dim=\dimen259
\l__tblr_caption_box=\box74
\l__tblr_caption_left_box=\box75
\l__tblr_row_head_box=\box76
\l__tblr_row_foot_box=\box77
\l__tblr_row_head_foot_dim=\dimen260
\tablewidth=\dimen261
\l__tblr_table_firsthead_box=\box78
\l__tblr_table_middlehead_box=\box79
\l__tblr_table_lasthead_box=\box80
\l__tblr_table_firstfoot_box=\box81
\l__tblr_table_middlefoot_box=\box82
\l__tblr_table_lastfoot_box=\box83
\l__tblr_remain_height_dim=\dimen262
\l__tblr_long_from_int=\count335
\l__tblr_long_to_int=\count336
\l__tblr_curr_i_int=\count337
\l__tblr_prev_i_int=\count338
\l__tblr_table_page_int=\count339
\l__tblr_table_head_box=\box84
\l__tblr_table_foot_box=\box85
\l__tblr_table_head_foot_dim=\dimen263
\l__tblr_table_head_body_foot_dim=\dimen264
\l__tblr_table_box=\box86
\l__tblr_table_hlines_box=\box87
\l__tblr_hline_box=\box88
\l__tblr_row_box=\box89
\l__tblr_col_o_wd_dim=\dimen265
\l__tblr_col_b_wd_dim=\dimen266
\l__tblr_hline_leftskip_dim=\dimen267
\l__tblr_hline_rightskip_dim=\dimen268
\l__tblr_row_ht_dim=\dimen269
\l__tblr_row_dp_dim=\dimen270
\l__tblr_row_abovesep_dim=\dimen271
\l__tblr_row_belowsep_dim=\dimen272
\l__tblr_row_vlines_box=\box90
\l__tblr_vline_box=\box91
\l__tblr_cell_box=\box92
\l__row_upper_dim=\dimen273
\l__row_lower_dim=\dimen274
\l__row_vpace_dim=\dimen275
\l__tblr_vline_aboveskip_dim=\dimen276
\l__tblr_vline_belowskip_dim=\dimen277
\l__tblr_cell_wd_dim=\dimen278
\l__tblr_cell_ht_dim=\dimen279
\l__tblr_diag_box=\box93
) (/usr/local/texlive/2025/texmf-dist/tex/generic/ulem/ulem.sty
\UL@box=\box94
\UL@hyphenbox=\box95
\UL@skip=\skip82
\UL@hook=\toks30
\UL@height=\dimen280
\UL@pe=\count340
\UL@pixel=\dimen281
\ULC@box=\box96
Package: ulem 2019/11/18
\ULdepth=\dimen282
) (/usr/local/texlive/2025/texmf-dist/tex/latex/graphics/rotating.sty
Package: rotating 2016/08/11 v2.16d rotated objects in LaTeX
(/usr/local/texlive/2025/texmf-dist/tex/latex/base/ifthen.sty
Package: ifthen 2024/03/16 v1.1e Standard LaTeX ifthen package (DPC)
)
\c@r@tfl@t=\count341
\rotFPtop=\skip83
\rotFPbot=\skip84
\rot@float@box=\box97
\rot@mess@toks=\toks31
) (/usr/local/texlive/2025/texmf-dist/tex/latex/siunitx/siunitx.sty
Package: siunitx 2025-02-27 v3.4.6 A comprehensive (SI) units package
\l__siunitx_number_uncert_offset_int=\count342
\l__siunitx_number_exponent_fixed_int=\count343
\l__siunitx_number_min_decimal_int=\count344
\l__siunitx_number_min_integer_int=\count345
\l__siunitx_number_round_precision_int=\count346
\l__siunitx_number_lower_threshold_int=\count347
\l__siunitx_number_upper_threshold_int=\count348
\l__siunitx_number_group_first_int=\count349
\l__siunitx_number_group_size_int=\count350
\l__siunitx_number_group_minimum_int=\count351
\l__siunitx_angle_tmp_dim=\dimen283
\l__siunitx_angle_marker_box=\box98
\l__siunitx_angle_unit_box=\box99
\l__siunitx_compound_count_int=\count352
(/usr/local/texlive/2025/texmf-dist/tex/latex/translations/translations.sty
Package: translations 2022/02/05 v1.12 internationalization of LaTeX2e packages
 (CN)
(/usr/local/texlive/2025/texmf-dist/tex/generic/pdftexcmds/pdftexcmds.sty
Package: pdftexcmds 2020-06-27 v0.33 Utility functions of pdfTeX for LuaTeX (HO
)
(/usr/local/texlive/2025/texmf-dist/tex/generic/infwarerr/infwarerr.sty
Package: infwarerr 2019/12/03 v1.5 Providing info/warning/error messages (HO)
) (/usr/local/texlive/2025/texmf-dist/tex/generic/ltxcmds/ltxcmds.sty
Package: ltxcmds 2023-12-04 v1.26 LaTeX kernel commands for general use (HO)
)
Package pdftexcmds Info: \pdf@primitive is available.
Package pdftexcmds Info: \pdf@ifprimitive is available.
Package pdftexcmds Info: \pdfdraftmode found.
\pdftexcmds@toks=\toks32
))
\l__siunitx_table_tmp_box=\box100
\l__siunitx_table_tmp_dim=\dimen284
\l__siunitx_table_column_width_dim=\dimen285
\l__siunitx_table_integer_box=\box101
\l__siunitx_table_decimal_box=\box102
\l__siunitx_table_uncert_box=\box103
\l__siunitx_table_before_box=\box104
\l__siunitx_table_after_box=\box105
\l__siunitx_table_before_dim=\dimen286
\l__siunitx_table_carry_dim=\dimen287
\l__siunitx_unit_tmp_int=\count353
\l__siunitx_unit_position_int=\count354
\l__siunitx_unit_total_int=\count355
) (/usr/local/texlive/2025/texmf-dist/tex/latex/tcolorbox/tcolorbox.sty
Package: tcolorbox 2024/10/22 version 6.4.1 text color boxes
(/usr/local/texlive/2025/texmf-dist/tex/latex/pgf/frontendlayer/tikz.sty (/usr/
local/texlive/2025/texmf-dist/tex/latex/pgf/basiclayer/pgf.sty (/usr/local/texl
ive/2025/texmf-dist/tex/latex/pgf/utilities/pgfrcs.sty
(/usr/local/texlive/2025/texmf-dist/tex/generic/pgf/utilities/pgfutil-common.te
x
\pgfutil@everybye=\toks33
\pgfutil@tempdima=\dimen288
\pgfutil@tempdimb=\dimen289
)
(/usr/local/texlive/2025/texmf-dist/tex/generic/pgf/utilities/pgfutil-latex.def
\pgfutil@abb=\box106
) (/usr/local/texlive/2025/texmf-dist/tex/generic/pgf/utilities/pgfrcs.code.tex
(/usr/local/texlive/2025/texmf-dist/tex/generic/pgf/pgf.revision.tex)
Package: pgfrcs 2023-01-15 v3.1.10 (3.1.10)
))
Package: pgf 2023-01-15 v3.1.10 (3.1.10)
(/usr/local/texlive/2025/texmf-dist/tex/latex/pgf/basiclayer/pgfcore.sty (/usr/
local/texlive/2025/texmf-dist/tex/latex/pgf/systemlayer/pgfsys.sty
(/usr/local/texlive/2025/texmf-dist/tex/generic/pgf/systemlayer/pgfsys.code.tex
Package: pgfsys 2023-01-15 v3.1.10 (3.1.10)
(/usr/local/texlive/2025/texmf-dist/tex/generic/pgf/utilities/pgfkeys.code.tex
\pgfkeys@pathtoks=\toks34
\pgfkeys@temptoks=\toks35

(/usr/local/texlive/2025/texmf-dist/tex/generic/pgf/utilities/pgfkeyslibraryfil
tered.code.tex
\pgfkeys@tmptoks=\toks36
))
\pgf@x=\dimen290
\pgf@y=\dimen291
\pgf@xa=\dimen292
\pgf@ya=\dimen293
\pgf@xb=\dimen294
\pgf@yb=\dimen295
\pgf@xc=\dimen296
\pgf@yc=\dimen297
\pgf@xd=\dimen298
\pgf@yd=\dimen299
\w@pgf@writea=\write4
\r@pgf@reada=\read3
\c@pgf@counta=\count356
\c@pgf@countb=\count357
\c@pgf@countc=\count358
\c@pgf@countd=\count359
\t@pgf@toka=\toks37
\t@pgf@tokb=\toks38
\t@pgf@tokc=\toks39
\pgf@sys@id@count=\count360
(/usr/local/texlive/2025/texmf-dist/tex/generic/pgf/systemlayer/pgf.cfg
File: pgf.cfg 2023-01-15 v3.1.10 (3.1.10)
)
Driver file for pgf: pgfsys-luatex.def

(/usr/local/texlive/2025/texmf-dist/tex/generic/pgf/systemlayer/pgfsys-luatex.d
ef
File: pgfsys-luatex.def 2023-01-15 v3.1.10 (3.1.10)

(/usr/local/texlive/2025/texmf-dist/tex/generic/pgf/systemlayer/pgfsys-common-p
df.def
File: pgfsys-common-pdf.def 2023-01-15 v3.1.10 (3.1.10)
)))
(/usr/local/texlive/2025/texmf-dist/tex/generic/pgf/systemlayer/pgfsyssoftpath.
code.tex
File: pgfsyssoftpath.code.tex 2023-01-15 v3.1.10 (3.1.10)
\pgfsyssoftpath@smallbuffer@items=\count361
\pgfsyssoftpath@bigbuffer@items=\count362
)
(/usr/local/texlive/2025/texmf-dist/tex/generic/pgf/systemlayer/pgfsysprotocol.
code.tex
File: pgfsysprotocol.code.tex 2023-01-15 v3.1.10 (3.1.10)
))
(/usr/local/texlive/2025/texmf-dist/tex/generic/pgf/basiclayer/pgfcore.code.tex
Package: pgfcore 2023-01-15 v3.1.10 (3.1.10)
(/usr/local/texlive/2025/texmf-dist/tex/generic/pgf/math/pgfmath.code.tex (/usr
/local/texlive/2025/texmf-dist/tex/generic/pgf/math/pgfmathutil.code.tex)
(/usr/local/texlive/2025/texmf-dist/tex/generic/pgf/math/pgfmathparser.code.tex
\pgfmath@dimen=\dimen300
\pgfmath@count=\count363
\pgfmath@box=\box107
\pgfmath@toks=\toks40
\pgfmath@stack@operand=\toks41
\pgfmath@stack@operation=\toks42
)
(/usr/local/texlive/2025/texmf-dist/tex/generic/pgf/math/pgfmathfunctions.code.
tex)
(/usr/local/texlive/2025/texmf-dist/tex/generic/pgf/math/pgfmathfunctions.basic
.code.tex)
(/usr/local/texlive/2025/texmf-dist/tex/generic/pgf/math/pgfmathfunctions.trigo
nometric.code.tex)
(/usr/local/texlive/2025/texmf-dist/tex/generic/pgf/math/pgfmathfunctions.rando
m.code.tex)
(/usr/local/texlive/2025/texmf-dist/tex/generic/pgf/math/pgfmathfunctions.compa
rison.code.tex)
(/usr/local/texlive/2025/texmf-dist/tex/generic/pgf/math/pgfmathfunctions.base.
code.tex)
(/usr/local/texlive/2025/texmf-dist/tex/generic/pgf/math/pgfmathfunctions.round
.code.tex)
(/usr/local/texlive/2025/texmf-dist/tex/generic/pgf/math/pgfmathfunctions.misc.
code.tex)
(/usr/local/texlive/2025/texmf-dist/tex/generic/pgf/math/pgfmathfunctions.integ
erarithmetics.code.tex) (/usr/local/texlive/2025/texmf-dist/tex/generic/pgf/mat
h/pgfmathcalc.code.tex) (/usr/local/texlive/2025/texmf-dist/tex/generic/pgf/mat
h/pgfmathfloat.code.tex
\c@pgfmathroundto@lastzeros=\count364
)) (/usr/local/texlive/2025/texmf-dist/tex/generic/pgf/math/pgfint.code.tex)
(/usr/local/texlive/2025/texmf-dist/tex/generic/pgf/basiclayer/pgfcorepoints.co
de.tex
File: pgfcorepoints.code.tex 2023-01-15 v3.1.10 (3.1.10)
\pgf@picminx=\dimen301
\pgf@picmaxx=\dimen302
\pgf@picminy=\dimen303
\pgf@picmaxy=\dimen304
\pgf@pathminx=\dimen305
\pgf@pathmaxx=\dimen306
\pgf@pathminy=\dimen307
\pgf@pathmaxy=\dimen308
\pgf@xx=\dimen309
\pgf@xy=\dimen310
\pgf@yx=\dimen311
\pgf@yy=\dimen312
\pgf@zx=\dimen313
\pgf@zy=\dimen314
)
(/usr/local/texlive/2025/texmf-dist/tex/generic/pgf/basiclayer/pgfcorepathconst
ruct.code.tex
File: pgfcorepathconstruct.code.tex 2023-01-15 v3.1.10 (3.1.10)
\pgf@path@lastx=\dimen315
\pgf@path@lasty=\dimen316
)
(/usr/local/texlive/2025/texmf-dist/tex/generic/pgf/basiclayer/pgfcorepathusage
.code.tex
File: pgfcorepathusage.code.tex 2023-01-15 v3.1.10 (3.1.10)
\pgf@shorten@end@additional=\dimen317
\pgf@shorten@start@additional=\dimen318
)
(/usr/local/texlive/2025/texmf-dist/tex/generic/pgf/basiclayer/pgfcorescopes.co
de.tex
File: pgfcorescopes.code.tex 2023-01-15 v3.1.10 (3.1.10)
\pgfpic=\box108
\pgf@hbox=\box109
\pgf@layerbox@main=\box110
\pgf@picture@serial@count=\count365
)
(/usr/local/texlive/2025/texmf-dist/tex/generic/pgf/basiclayer/pgfcoregraphicst
ate.code.tex
File: pgfcoregraphicstate.code.tex 2023-01-15 v3.1.10 (3.1.10)
\pgflinewidth=\dimen319
)
(/usr/local/texlive/2025/texmf-dist/tex/generic/pgf/basiclayer/pgfcoretransform
ations.code.tex
File: pgfcoretransformations.code.tex 2023-01-15 v3.1.10 (3.1.10)
\pgf@pt@x=\dimen320
\pgf@pt@y=\dimen321
\pgf@pt@temp=\dimen322
)
(/usr/local/texlive/2025/texmf-dist/tex/generic/pgf/basiclayer/pgfcorequick.cod
e.tex
File: pgfcorequick.code.tex 2023-01-15 v3.1.10 (3.1.10)
)
(/usr/local/texlive/2025/texmf-dist/tex/generic/pgf/basiclayer/pgfcoreobjects.c
ode.tex
File: pgfcoreobjects.code.tex 2023-01-15 v3.1.10 (3.1.10)
)
(/usr/local/texlive/2025/texmf-dist/tex/generic/pgf/basiclayer/pgfcorepathproce
ssing.code.tex
File: pgfcorepathprocessing.code.tex 2023-01-15 v3.1.10 (3.1.10)
)
(/usr/local/texlive/2025/texmf-dist/tex/generic/pgf/basiclayer/pgfcorearrows.co
de.tex
File: pgfcorearrows.code.tex 2023-01-15 v3.1.10 (3.1.10)
\pgfarrowsep=\dimen323
)
(/usr/local/texlive/2025/texmf-dist/tex/generic/pgf/basiclayer/pgfcoreshade.cod
e.tex
File: pgfcoreshade.code.tex 2023-01-15 v3.1.10 (3.1.10)
\pgf@max=\dimen324
\pgf@sys@shading@range@num=\count366
\pgf@shadingcount=\count367
)
(/usr/local/texlive/2025/texmf-dist/tex/generic/pgf/basiclayer/pgfcoreimage.cod
e.tex
File: pgfcoreimage.code.tex 2023-01-15 v3.1.10 (3.1.10)
)
(/usr/local/texlive/2025/texmf-dist/tex/generic/pgf/basiclayer/pgfcoreexternal.
code.tex
File: pgfcoreexternal.code.tex 2023-01-15 v3.1.10 (3.1.10)
\pgfexternal@startupbox=\box111
)
(/usr/local/texlive/2025/texmf-dist/tex/generic/pgf/basiclayer/pgfcorelayers.co
de.tex
File: pgfcorelayers.code.tex 2023-01-15 v3.1.10 (3.1.10)
)
(/usr/local/texlive/2025/texmf-dist/tex/generic/pgf/basiclayer/pgfcoretranspare
ncy.code.tex
File: pgfcoretransparency.code.tex 2023-01-15 v3.1.10 (3.1.10)
)
(/usr/local/texlive/2025/texmf-dist/tex/generic/pgf/basiclayer/pgfcorepatterns.
code.tex
File: pgfcorepatterns.code.tex 2023-01-15 v3.1.10 (3.1.10)
)
(/usr/local/texlive/2025/texmf-dist/tex/generic/pgf/basiclayer/pgfcorerdf.code.
tex
File: pgfcorerdf.code.tex 2023-01-15 v3.1.10 (3.1.10)
)))
(/usr/local/texlive/2025/texmf-dist/tex/generic/pgf/modules/pgfmoduleshapes.cod
e.tex
File: pgfmoduleshapes.code.tex 2023-01-15 v3.1.10 (3.1.10)
\pgfnodeparttextbox=\box112
)
(/usr/local/texlive/2025/texmf-dist/tex/generic/pgf/modules/pgfmoduleplot.code.
tex
File: pgfmoduleplot.code.tex 2023-01-15 v3.1.10 (3.1.10)
)
(/usr/local/texlive/2025/texmf-dist/tex/latex/pgf/compatibility/pgfcomp-version
-0-65.sty
Package: pgfcomp-version-0-65 2023-01-15 v3.1.10 (3.1.10)
\pgf@nodesepstart=\dimen325
\pgf@nodesepend=\dimen326
)
(/usr/local/texlive/2025/texmf-dist/tex/latex/pgf/compatibility/pgfcomp-version
-1-18.sty
Package: pgfcomp-version-1-18 2023-01-15 v3.1.10 (3.1.10)
)) (/usr/local/texlive/2025/texmf-dist/tex/latex/pgf/utilities/pgffor.sty (/usr
/local/texlive/2025/texmf-dist/tex/latex/pgf/utilities/pgfkeys.sty (/usr/local/
texlive/2025/texmf-dist/tex/generic/pgf/utilities/pgfkeys.code.tex)) (/usr/loca
l/texlive/2025/texmf-dist/tex/latex/pgf/math/pgfmath.sty (/usr/local/texlive/20
25/texmf-dist/tex/generic/pgf/math/pgfmath.code.tex)) (/usr/local/texlive/2025/
texmf-dist/tex/generic/pgf/utilities/pgffor.code.tex
Package: pgffor 2023-01-15 v3.1.10 (3.1.10)
\pgffor@iter=\dimen327
\pgffor@skip=\dimen328
\pgffor@stack=\toks43
\pgffor@toks=\toks44
))
(/usr/local/texlive/2025/texmf-dist/tex/generic/pgf/frontendlayer/tikz/tikz.cod
e.tex
Package: tikz 2023-01-15 v3.1.10 (3.1.10)

(/usr/local/texlive/2025/texmf-dist/tex/generic/pgf/libraries/pgflibraryplothan
dlers.code.tex
File: pgflibraryplothandlers.code.tex 2023-01-15 v3.1.10 (3.1.10)
\pgf@plot@mark@count=\count368
\pgfplotmarksize=\dimen329
)
\tikz@lastx=\dimen330
\tikz@lasty=\dimen331
\tikz@lastxsaved=\dimen332
\tikz@lastysaved=\dimen333
\tikz@lastmovetox=\dimen334
\tikz@lastmovetoy=\dimen335
\tikzleveldistance=\dimen336
\tikzsiblingdistance=\dimen337
\tikz@figbox=\box113
\tikz@figbox@bg=\box114
\tikz@tempbox=\box115
\tikz@tempbox@bg=\box116
\tikztreelevel=\count369
\tikznumberofchildren=\count370
\tikznumberofcurrentchild=\count371
\tikz@fig@count=\count372

(/usr/local/texlive/2025/texmf-dist/tex/generic/pgf/modules/pgfmodulematrix.cod
e.tex
File: pgfmodulematrix.code.tex 2023-01-15 v3.1.10 (3.1.10)
\pgfmatrixcurrentrow=\count373
\pgfmatrixcurrentcolumn=\count374
\pgf@matrix@numberofcolumns=\count375
)
\tikz@expandcount=\count376

(/usr/local/texlive/2025/texmf-dist/tex/generic/pgf/frontendlayer/tikz/librarie
s/tikzlibrarytopaths.code.tex
File: tikzlibrarytopaths.code.tex 2023-01-15 v3.1.10 (3.1.10)
))) (/usr/local/texlive/2025/texmf-dist/tex/latex/tools/verbatim.sty
Package: verbatim 2024-01-22 v1.5x LaTeX2e package for verbatim enhancements
\every@verbatim=\toks45
\verbatim@line=\toks46
\verbatim@in@stream=\read4
) (/usr/local/texlive/2025/texmf-dist/tex/latex/environ/environ.sty
Package: environ 2014/05/04 v0.3 A new way to define environments
(/usr/local/texlive/2025/texmf-dist/tex/latex/trimspaces/trimspaces.sty
Package: trimspaces 2009/09/17 v1.1 Trim spaces around a token list
))
\tcb@titlebox=\box117
\tcb@upperbox=\box118
\tcb@lowerbox=\box119
\tcb@phantombox=\box120
\c@tcbbreakpart=\count377
\c@tcblayer=\count378
\c@tcolorbox@number=\count379
\l__tcobox_tmpa_box=\box121
\l__tcobox_tmpa_dim=\dimen338
\tcb@temp=\box122
\tcb@temp=\box123
\tcb@temp=\box124
\tcb@temp=\box125
(/usr/local/texlive/2025/texmf-dist/tex/latex/tcolorbox/tcbskins.code.tex
Library (tcolorbox): 'tcbskins.code.tex' version '6.4.1'
(/usr/local/texlive/2025/texmf-dist/tex/latex/tikzfill/tikzfill.image.sty
Package: tikzfill.image 2023/08/08 v1.0.1 Image filling library for TikZ
(/usr/local/texlive/2025/texmf-dist/tex/latex/tikzfill/tikzfill-common.sty
Package: tikzfill-common 2023/08/08 v1.0.1 Auxiliary code for tikzfill
)
(/usr/local/texlive/2025/texmf-dist/tex/latex/tikzfill/tikzlibraryfill.image.co
de.tex
File: tikzlibraryfill.image.code.tex 2023/08/08 v1.0.1 Image filling library
\l__tikzfill_img_box=\box126
))
(/usr/local/texlive/2025/texmf-dist/tex/latex/tcolorbox/tcbskinsjigsaw.code.tex
Library (tcolorbox): 'tcbskinsjigsaw.code.tex' version '6.4.1'
)) (/usr/local/texlive/2025/texmf-dist/tex/latex/tcolorbox/tcbbreakable.code.te
x
Library (tcolorbox): 'tcbbreakable.code.tex' version '6.4.1'
(/usr/local/texlive/2025/texmf-dist/tex/latex/pdfcol/pdfcol.sty
Package: pdfcol 2022-09-21 v1.7 Handle new color stacks for pdfTeX (HO)
Package pdfcol Info: Interface disabled because of package `luacolor'.
)
Package pdfcol Info: pdfTeX's color stacks are not available.
\tcb@testbox=\box127
\tcb@totalupperbox=\box128
\tcb@totallowerbox=\box129
(/usr/local/texlive/2025/texmf-dist/tex/generic/iftex/ifluatex.sty
Package: ifluatex 2019/10/25 v1.5 ifluatex legacy package. Use iftex instead.
))) (/usr/local/texlive/2025/texmf-dist/tex/latex/fontawesome5/fontawesome5.sty
Package: fontawesome5 2022/05/02 v5.15.4 Font Awesome 5

(/usr/local/texlive/2025/texmf-dist/tex/latex/fontawesome5/fontawesome5-utex-he
lper.sty
Package: fontawesome5-utex-helper 2022/05/02 v5.15.4 uTeX helper for fontawesom
e5
(/usr/local/texlive/2025/texmf-dist/tex/luatex/luatexbase/luatexbase.sty
Package: luatexbase 2015/10/04 v1.3 luatexbase interface to LuaTeX 
(/usr/local/texlive/2025/texmf-dist/tex/luatex/ctablestack/ctablestack.sty
Package: ctablestack 2015/10/01 v1.0 Catcode table stable support
\@catcodetablestackcnt=\count380
)
\CatcodeTableOther=\catcodetable14
\CatcodeTableExpl=\catcodetable15
)
LaTeX Font Info:    Trying to load font information for TU+fontawesomefree on i
nput line 69.

(/usr/local/texlive/2025/texmf-dist/tex/latex/fontawesome5/tufontawesomefree.fd
)
LaTeX Font Info:    Trying to load font information for TU+fontawesomebrands on
 input line 70.

(/usr/local/texlive/2025/texmf-dist/tex/latex/fontawesome5/tufontawesomebrands.
fd))) (/usr/local/texlive/2025/texmf-dist/tex/latex/bookmark/bookmark.sty
Package: bookmark 2023-12-10 v1.31 PDF bookmarks (HO)
(/usr/local/texlive/2025/texmf-dist/tex/latex/hyperref/hyperref.sty
Package: hyperref 2024-11-05 v7.01l Hypertext links for LaTeX
(/usr/local/texlive/2025/texmf-dist/tex/latex/kvsetkeys/kvsetkeys.sty
Package: kvsetkeys 2022-10-05 v1.19 Key value parser (HO)
) (/usr/local/texlive/2025/texmf-dist/tex/generic/kvdefinekeys/kvdefinekeys.sty
Package: kvdefinekeys 2019-12-19 v1.6 Define keys (HO)
) (/usr/local/texlive/2025/texmf-dist/tex/generic/pdfescape/pdfescape.sty
Package: pdfescape 2019/12/09 v1.15 Implements pdfTeX's escape features (HO)
) (/usr/local/texlive/2025/texmf-dist/tex/latex/hycolor/hycolor.sty
Package: hycolor 2020-01-27 v1.10 Color options for hyperref/bookmark (HO)
) (/usr/local/texlive/2025/texmf-dist/tex/latex/hyperref/nameref.sty
Package: nameref 2023-11-26 v2.56 Cross-referencing by name of section
(/usr/local/texlive/2025/texmf-dist/tex/latex/refcount/refcount.sty
Package: refcount 2019/12/15 v3.6 Data extraction from label references (HO)
)
(/usr/local/texlive/2025/texmf-dist/tex/generic/gettitlestring/gettitlestring.s
ty
Package: gettitlestring 2019/12/15 v1.6 Cleanup title references (HO)
(/usr/local/texlive/2025/texmf-dist/tex/latex/kvoptions/kvoptions.sty
Package: kvoptions 2022-06-15 v3.15 Key value format for package options (HO)
))
\c@section@level=\count381
) (/usr/local/texlive/2025/texmf-dist/tex/generic/stringenc/stringenc.sty
Package: stringenc 2019/11/29 v1.12 Convert strings between diff. encodings (HO
)
)
\@linkdim=\dimen339
\Hy@linkcounter=\count382
\Hy@pagecounter=\count383
(/usr/local/texlive/2025/texmf-dist/tex/latex/hyperref/pd1enc.def
File: pd1enc.def 2024-11-05 v7.01l Hyperref: PDFDocEncoding definition (HO)
) (/usr/local/texlive/2025/texmf-dist/tex/generic/intcalc/intcalc.sty
Package: intcalc 2019/12/15 v1.3 Expandable calculations with integers (HO)
)
\Hy@SavedSpaceFactor=\count384
(/usr/local/texlive/2025/texmf-dist/tex/latex/hyperref/puenc.def
File: puenc.def 2024-11-05 v7.01l Hyperref: PDF Unicode definition (HO)
)
Package hyperref Info: Option `unicode' set `true' on input line 4040.
Package hyperref Info: Hyper figures OFF on input line 4157.
Package hyperref Info: Link nesting OFF on input line 4162.
Package hyperref Info: Hyper index ON on input line 4165.
Package hyperref Info: Plain pages OFF on input line 4172.
Package hyperref Info: Backreferencing OFF on input line 4177.
Package hyperref Info: Implicit mode ON; LaTeX internals redefined.
Package hyperref Info: Bookmarks ON on input line 4424.
\c@Hy@tempcnt=\count385
(/usr/local/texlive/2025/texmf-dist/tex/latex/url/url.sty
\Urlmuskip=\muskip19
Package: url 2013/09/16  ver 3.4  Verb mode for urls, etc.
)
LaTeX Info: Redefining \url on input line 4763.
\XeTeXLinkMargin=\dimen340
(/usr/local/texlive/2025/texmf-dist/tex/generic/bitset/bitset.sty
Package: bitset 2019/12/09 v1.3 Handle bit-vector datatype (HO)
(/usr/local/texlive/2025/texmf-dist/tex/generic/bigintcalc/bigintcalc.sty
Package: bigintcalc 2019/12/15 v1.5 Expandable calculations on big integers (HO
)
))
\Fld@menulength=\count386
\Field@Width=\dimen341
\Fld@charsize=\dimen342
Package hyperref Info: Hyper figures OFF on input line 6042.
Package hyperref Info: Link nesting OFF on input line 6047.
Package hyperref Info: Hyper index ON on input line 6050.
Package hyperref Info: backreferencing OFF on input line 6057.
Package hyperref Info: Link coloring OFF on input line 6062.
Package hyperref Info: Link coloring with OCG OFF on input line 6067.
Package hyperref Info: PDF/A mode OFF on input line 6072.
(/usr/local/texlive/2025/texmf-dist/tex/latex/base/atbegshi-ltx.sty
Package: atbegshi-ltx 2021/01/10 v1.0c Emulation of the original atbegshi
package with kernel methods
)
\Hy@abspage=\count387
\c@Item=\count388
\c@Hfootnote=\count389
)
Package hyperref Info: Driver (autodetected): hluatex.
(/usr/local/texlive/2025/texmf-dist/tex/latex/hyperref/hluatex.def
File: hluatex.def 2024-11-05 v7.01l Hyperref driver for luaTeX
(/usr/local/texlive/2025/texmf-dist/tex/latex/base/atveryend-ltx.sty
Package: atveryend-ltx 2020/08/19 v1.0a Emulation of the original atveryend pac
kage
with kernel methods
)
\Fld@listcount=\count390
\c@bookmark@seq@number=\count391

(/usr/local/texlive/2025/texmf-dist/tex/latex/rerunfilecheck/rerunfilecheck.sty
Package: rerunfilecheck 2022-07-10 v1.10 Rerun checks for auxiliary files (HO)

(/usr/local/texlive/2025/texmf-dist/tex/generic/uniquecounter/uniquecounter.sty
Package: uniquecounter 2019/12/15 v1.4 Provide unlimited unique counter (HO)
)
Package uniquecounter Info: New unique counter `rerunfilecheck' on input line 2
85.
)
\Hy@SectionHShift=\skip85
) (/usr/local/texlive/2025/texmf-dist/tex/latex/bookmark/bkm-pdftex.def
File: bkm-pdftex.def 2023-12-10 v1.31 bookmark driver for pdfTeX and luaTeX (HO
)
\BKM@id=\count392
)) (/usr/local/texlive/2025/texmf-dist/tex/latex/caption/caption.sty
Package: caption 2023/08/05 v3.6o Customizing captions (AR)
(/usr/local/texlive/2025/texmf-dist/tex/latex/caption/caption3.sty
Package: caption3 2023/07/31 v2.4d caption3 kernel (AR)
\caption@tempdima=\dimen343
\captionmargin=\dimen344
\caption@leftmargin=\dimen345
\caption@rightmargin=\dimen346
\caption@width=\dimen347
\caption@indent=\dimen348
\caption@parindent=\dimen349
\caption@hangindent=\dimen350
Package caption Info: KOMA-Script document class detected.
(/usr/local/texlive/2025/texmf-dist/tex/latex/caption/caption-koma.sto
File: caption-koma.sto 2023/09/08 v2.0e Adaption of the caption package to the 
KOMA-Script document classes (AR)
))
\c@caption@flags=\count393
\c@continuedfloat=\count394
Package caption Info: float package is loaded.
Package caption Info: hyperref package is loaded.
Package caption Info: longtable package is loaded.
(/usr/local/texlive/2025/texmf-dist/tex/latex/caption/ltcaption.sty
Package: ltcaption 2021/01/08 v1.4c longtable captions (AR)
)
Package caption Info: rotating package is loaded.
Package caption Info: KOMA-Script scrextend package detected.
\caption@addmargin@hsize=\dimen351
\caption@addmargin@linewidth=\dimen352
)
\@float@every@codelisting=\toks47
\c@codelisting=\count395
(/usr/local/texlive/2025/texmf-dist/tex/latex/caption/subcaption.sty
Package: subcaption 2023/07/28 v1.6b Sub-captions (AR)
Package caption Info: New subtype `subfigure' on input line 238.
\c@subfigure=\count396
Package caption Info: New subtype `subtable' on input line 238.
\c@subtable=\count397
) (/usr/local/texlive/2025/texmf-dist/tex/latex/xurl/xurl.sty
Package: xurl 2022/01/09 v 0.10 modify URL breaks
)
Package hyperref Info: Option `colorlinks' set `true' on input line 270.
Package translations Info: No language package found. I am going to use `englis
h' as default language. on input line 283.
No file index.aux.

\openout1 = index.aux
LaTeX Font Info:    Checking defaults for OML/cmm/m/it on input line 283.
LaTeX Font Info:    ... okay on input line 283.
LaTeX Font Info:    Checking defaults for OMS/cmsy/m/n on input line 283.
LaTeX Font Info:    ... okay on input line 283.
LaTeX Font Info:    Checking defaults for OT1/cmr/m/n on input line 283.
LaTeX Font Info:    ... okay on input line 283.
LaTeX Font Info:    Checking defaults for T1/cmr/m/n on input line 283.
LaTeX Font Info:    ... okay on input line 283.
LaTeX Font Info:    Checking defaults for TS1/cmr/m/n on input line 283.
LaTeX Font Info:    ... okay on input line 283.
LaTeX Font Info:    Checking defaults for TU/lmr/m/n on input line 283.
LaTeX Font Info:    ... okay on input line 283.
LaTeX Font Info:    Checking defaults for OMX/cmex/m/n on input line 283.
LaTeX Font Info:    ... okay on input line 283.
LaTeX Font Info:    Checking defaults for U/cmr/m/n on input line 283.
LaTeX Font Info:    ... okay on input line 283.
LaTeX Font Info:    Checking defaults for PD1/pdf/m/n on input line 283.
LaTeX Font Info:    ... okay on input line 283.
LaTeX Font Info:    Checking defaults for PU/pdf/m/n on input line 283.
LaTeX Font Info:    ... okay on input line 283.
Package scrbase Info: activating english \abstractname on input line 283.
Package scrbase Info: activating english \partname on input line 283.
Package scrbase Info: activating english \chaptername on input line 283.
Package scrbase Info: activating english \appendixname on input line 283.
Package scrbase Info: activating english \figurename on input line 283.
Package scrbase Info: activating english \tablename on input line 283.
Package scrbase Info: activating english \contentsname on input line 283.
Package scrbase Info: activating english \listfigurename on input line 283.
Package scrbase Info: activating english \listtablename on input line 283.
Package scrbase Info: activating english \bibname on input line 283.
Package scrbase Info: activating english \indexname on input line 283.
(/usr/local/texlive/2025/texmf-dist/tex/context/base/mkii/supp-pdf.mkii
[Loading MPS to PDF converter (version 2006.09.02).]
\scratchcounter=\count398
\scratchdimen=\dimen353
\scratchbox=\box130
\nofMPsegments=\count399
\nofMParguments=\count400
\everyMPshowfont=\toks48
\MPscratchCnt=\count401
\MPscratchDim=\dimen354
\MPnumerator=\count402
\makeMPintoPDFobject=\count403
\everyMPtoPDFconversion=\toks49
) (/usr/local/texlive/2025/texmf-dist/tex/latex/epstopdf-pkg/epstopdf-base.sty
Package: epstopdf-base 2020-01-24 v2.11 Base part for package epstopdf
Package epstopdf-base Info: Redefining graphics rule for `.eps' on input line 4
85.
(/usr/local/texlive/2025/texmf-dist/tex/latex/latexconfig/epstopdf-sys.cfg
File: epstopdf-sys.cfg 2010/07/13 v1.3 Configuration of (r)epstopdf for TeX Liv
e
))
LaTeX Font Info:    Overwriting math alphabet `\mathrm' in version `normal'
(Font)                  OT1/lmr/m/n --> TU/lmr/m/n on input line 283.
LaTeX Font Info:    Overwriting math alphabet `\mathit' in version `normal'
(Font)                  OT1/lmr/m/it --> TU/lmr/m/it on input line 283.
LaTeX Font Info:    Overwriting math alphabet `\mathbf' in version `normal'
(Font)                  OT1/lmr/bx/n --> TU/lmr/bx/n on input line 283.
LaTeX Font Info:    Overwriting math alphabet `\mathsf' in version `normal'
(Font)                  OT1/lmss/m/n --> TU/lmss/m/n on input line 283.
LaTeX Font Info:    Overwriting math alphabet `\mathsf' in version `bold'
(Font)                  OT1/lmss/bx/n --> TU/lmss/bx/n on input line 283.
LaTeX Font Info:    Overwriting math alphabet `\mathtt' in version `normal'
(Font)                  OT1/lmtt/m/n --> TU/lmtt/m/n on input line 283.
LaTeX Font Info:    Overwriting math alphabet `\mathtt' in version `bold'
(Font)                  OT1/lmtt/m/n --> TU/lmtt/bx/n on input line 283.

Package fontspec Info: 
(fontspec)             latinmodern-math scale = 0.9999967668407183.


Package fontspec Info: 
(fontspec)             latinmodern-math scale = 0.9999967668407183.


Package fontspec Info: 
(fontspec)             latinmodern-math scale = 0.9999967668407183.


Package fontspec Info: 
(fontspec)             Font family 'latinmodern-math.otf(0)' created for font
(fontspec)             'latinmodern-math.otf' with options
(fontspec)             [Scale=MatchLowercase,Renderer=Basic,BoldItalicFont={},I
talicFont={},SmallCapsFont={},Script=Math,RawFeature={mathfontdimen=xetex},Bold
Font={latinmodern-math.otf}].
(fontspec)              
(fontspec)              This font family consists of the following NFSS
(fontspec)             series/shapes:
(fontspec)              
(fontspec)             - 'normal' (m/n) with NFSS spec.:
(fontspec)             <->s*[0.9999967668407183]"[latinmodern-math.otf]:mode=ba
se;script=math;language=dflt;mathfontdimen=xetex;"
(fontspec)             - 'bold' (b/n) with NFSS spec.:
(fontspec)             <->s*[0.9999967668407183]"[latinmodern-math.otf]:mode=ba
se;script=math;language=dflt;mathfontdimen=xetex;"

LaTeX Font Info:    Font shape `TU/latinmodern-math.otf(0)/m/n' will be
(Font)              scaled to size 10.95pt on input line 283.

Package fontspec Info: 
(fontspec)             latinmodern-math scale = 0.9999967668407183.


Package fontspec Info: 
(fontspec)             latinmodern-math scale = 0.9999967668407183.


Package fontspec Info: 
(fontspec)             latinmodern-math scale = 0.9999967668407183.


Package fontspec Info: 
(fontspec)             latinmodern-math scale = 0.9999967668407183.


Package fontspec Info: 
(fontspec)             latinmodern-math scale = 0.9999967668407183.


Package fontspec Info: 
(fontspec)             Font family 'latinmodern-math.otf(1)' created for font
(fontspec)             'latinmodern-math.otf' with options
(fontspec)             [Scale=MatchLowercase,Renderer=Basic,BoldItalicFont={},I
talicFont={},SmallCapsFont={},Script=Math,SizeFeatures={{Size=9.3075-},{Size=6.
57-9.3075,Font=latinmodern-math.otf,Style=MathScript},{Size=-6.57,Font=latinmod
ern-math.otf,Style=MathScriptScript}},RawFeature={mathfontdimen=xetex},BoldFont
={latinmodern-math.otf}].
(fontspec)              
(fontspec)              This font family consists of the following NFSS
(fontspec)             series/shapes:
(fontspec)              
(fontspec)             - 'normal' (m/n) with NFSS spec.:
(fontspec)             <9.3075->s*[0.9999967668407183]"[latinmodern-math.otf]:m
ode=base;script=math;language=dflt;mathfontdimen=xetex;"<6.57-9.3075>s*[0.99999
67668407183]"[latinmodern-math.otf]:mode=base;script=math;language=dflt;mathfon
tdimen=xetex;+ssty=0;"<-6.57>s*[0.9999967668407183]"[latinmodern-math.otf]:mode
=base;script=math;language=dflt;mathfontdimen=xetex;+ssty=1;"
(fontspec)             - 'bold' (b/n) with NFSS spec.:
(fontspec)             <->s*[0.9999967668407183]"[latinmodern-math.otf]:mode=ba
se;script=math;language=dflt;mathfontdimen=xetex;"

LaTeX Font Info:    Font shape `TU/latinmodern-math.otf(1)/m/n' will be
(Font)              scaled to size 10.95pt on input line 283.
LaTeX Font Info:    Encoding `OT1' has changed to `TU' for symbol font
(Font)              `operators' in the math version `normal' on input line 283.

LaTeX Font Info:    Overwriting symbol font `operators' in version `normal'
(Font)                  OT1/lmr/m/n --> TU/latinmodern-math.otf(1)/m/n on input
 line 283.
LaTeX Font Info:    Encoding `OT1' has changed to `TU' for symbol font
(Font)              `operators' in the math version `bold' on input line 283.
LaTeX Font Info:    Overwriting symbol font `operators' in version `bold'
(Font)                  OT1/lmr/bx/n --> TU/latinmodern-math.otf(1)/b/n on inpu
t line 283.

Package fontspec Info: 
(fontspec)             latinmodern-math scale = 0.9999967668407183.


Package fontspec Info: 
(fontspec)             latinmodern-math scale = 0.9999967668407183.


Package fontspec Info: 
(fontspec)             latinmodern-math scale = 0.9999967668407183.


Package fontspec Info: 
(fontspec)             latinmodern-math scale = 0.9999967668407183.


Package fontspec Info: 
(fontspec)             latinmodern-math scale = 0.9999967668407183.


Package fontspec Info: 
(fontspec)             Font family 'latinmodern-math.otf(2)' created for font
(fontspec)             'latinmodern-math.otf' with options
(fontspec)             [Scale=MatchLowercase,Renderer=Basic,BoldItalicFont={},I
talicFont={},SmallCapsFont={},Script=Math,SizeFeatures={{Size=9.3075-},{Size=6.
57-9.3075,Font=latinmodern-math.otf,Style=MathScript},{Size=-6.57,Font=latinmod
ern-math.otf,Style=MathScriptScript}},RawFeature={mathfontdimen=xetex},BoldFont
={latinmodern-math.otf},RawFeature={mathfontdimen=tex2}].
(fontspec)              
(fontspec)              This font family consists of the following NFSS
(fontspec)             series/shapes:
(fontspec)              
(fontspec)             - 'normal' (m/n) with NFSS spec.:
(fontspec)             <9.3075->s*[0.9999967668407183]"[latinmodern-math.otf]:m
ode=base;script=math;language=dflt;mathfontdimen=xetex;mathfontdimen=tex2;"<6.5
7-9.3075>s*[0.9999967668407183]"[latinmodern-math.otf]:mode=base;script=math;la
nguage=dflt;mathfontdimen=xetex;mathfontdimen=tex2;+ssty=0;"<-6.57>s*[0.9999967
668407183]"[latinmodern-math.otf]:mode=base;script=math;language=dflt;mathfontd
imen=xetex;mathfontdimen=tex2;+ssty=1;"
(fontspec)             - 'bold' (b/n) with NFSS spec.:
(fontspec)             <->s*[0.9999967668407183]"[latinmodern-math.otf]:mode=ba
se;script=math;language=dflt;mathfontdimen=xetex;mathfontdimen=tex2;"

LaTeX Font Info:    Encoding `OMS' has changed to `TU' for symbol font
(Font)              `symbols' in the math version `normal' on input line 283.
LaTeX Font Info:    Overwriting symbol font `symbols' in version `normal'
(Font)                  OMS/lmsy/m/n --> TU/latinmodern-math.otf(2)/m/n on inpu
t line 283.
LaTeX Font Info:    Encoding `OMS' has changed to `TU' for symbol font
(Font)              `symbols' in the math version `bold' on input line 283.
LaTeX Font Info:    Overwriting symbol font `symbols' in version `bold'
(Font)                  OMS/lmsy/b/n --> TU/latinmodern-math.otf(2)/b/n on inpu
t line 283.

Package fontspec Info: 
(fontspec)             latinmodern-math scale = 0.9999967668407183.


Package fontspec Info: 
(fontspec)             latinmodern-math scale = 0.9999967668407183.


Package fontspec Info: 
(fontspec)             latinmodern-math scale = 0.9999967668407183.


Package fontspec Info: 
(fontspec)             latinmodern-math scale = 0.9999967668407183.


Package fontspec Info: 
(fontspec)             latinmodern-math scale = 0.9999967668407183.


Package fontspec Info: 
(fontspec)             Font family 'latinmodern-math.otf(3)' created for font
(fontspec)             'latinmodern-math.otf' with options
(fontspec)             [Scale=MatchLowercase,Renderer=Basic,BoldItalicFont={},I
talicFont={},SmallCapsFont={},Script=Math,SizeFeatures={{Size=9.3075-},{Size=6.
57-9.3075,Font=latinmodern-math.otf,Style=MathScript},{Size=-6.57,Font=latinmod
ern-math.otf,Style=MathScriptScript}},RawFeature={mathfontdimen=xetex},BoldFont
={latinmodern-math.otf},RawFeature={mathfontdimen=tex3}].
(fontspec)              
(fontspec)              This font family consists of the following NFSS
(fontspec)             series/shapes:
(fontspec)              
(fontspec)             - 'normal' (m/n) with NFSS spec.:
(fontspec)             <9.3075->s*[0.9999967668407183]"[latinmodern-math.otf]:m
ode=base;script=math;language=dflt;mathfontdimen=xetex;mathfontdimen=tex3;"<6.5
7-9.3075>s*[0.9999967668407183]"[latinmodern-math.otf]:mode=base;script=math;la
nguage=dflt;mathfontdimen=xetex;mathfontdimen=tex3;+ssty=0;"<-6.57>s*[0.9999967
668407183]"[latinmodern-math.otf]:mode=base;script=math;language=dflt;mathfontd
imen=xetex;mathfontdimen=tex3;+ssty=1;"
(fontspec)             - 'bold' (b/n) with NFSS spec.:
(fontspec)             <->s*[0.9999967668407183]"[latinmodern-math.otf]:mode=ba
se;script=math;language=dflt;mathfontdimen=xetex;mathfontdimen=tex3;"

LaTeX Font Info:    Encoding `OMX' has changed to `TU' for symbol font
(Font)              `largesymbols' in the math version `normal' on input line 2
83.
LaTeX Font Info:    Overwriting symbol font `largesymbols' in version `normal'
(Font)                  OMX/lmex/m/n --> TU/latinmodern-math.otf(3)/m/n on inpu
t line 283.
LaTeX Font Info:    Encoding `OMX' has changed to `TU' for symbol font
(Font)              `largesymbols' in the math version `bold' on input line 283
.
LaTeX Font Info:    Overwriting symbol font `largesymbols' in version `bold'
(Font)                  OMX/lmex/m/n --> TU/latinmodern-math.otf(3)/b/n on inpu
t line 283.
LaTeX Font Info:    Font shape `TU/latinmodern-math.otf(1)/m/n' will be
(Font)              scaled to size 7.665pt on input line 283.
LaTeX Font Info:    Font shape `TU/latinmodern-math.otf(1)/m/n' will be
(Font)              scaled to size 5.475pt on input line 283.
LaTeX Font Info:    Trying to load font information for OML+lmm on input line 2
83.
(/usr/local/texlive/2025/texmf-dist/tex/latex/lm/omllmm.fd
File: omllmm.fd 2015/05/01 v1.6.1 Font defs for Latin Modern
)
LaTeX Font Info:    Font shape `TU/latinmodern-math.otf(2)/m/n' will be
(Font)              scaled to size 10.95pt on input line 283.
LaTeX Font Info:    Font shape `TU/latinmodern-math.otf(2)/m/n' will be
(Font)              scaled to size 7.665pt on input line 283.
LaTeX Font Info:    Font shape `TU/latinmodern-math.otf(2)/m/n' will be
(Font)              scaled to size 5.475pt on input line 283.
LaTeX Font Info:    Font shape `TU/latinmodern-math.otf(3)/m/n' will be
(Font)              scaled to size 10.95pt on input line 283.
LaTeX Font Info:    Font shape `TU/latinmodern-math.otf(3)/m/n' will be
(Font)              scaled to size 7.665pt on input line 283.
LaTeX Font Info:    Font shape `TU/latinmodern-math.otf(3)/m/n' will be
(Font)              scaled to size 5.475pt on input line 283.
LaTeX Font Info:    Trying to load font information for U+msa on input line 283
.
(/usr/local/texlive/2025/texmf-dist/tex/latex/amsfonts/umsa.fd
File: umsa.fd 2013/01/14 v3.01 AMS symbols A
)
LaTeX Font Info:    Trying to load font information for U+msb on input line 283
.
(/usr/local/texlive/2025/texmf-dist/tex/latex/amsfonts/umsb.fd
File: umsb.fd 2013/01/14 v3.01 AMS symbols B
)
LaTeX Info: Redefining \microtypecontext on input line 283.
Package microtype Info: Applying patch `item' on input line 283.
Package microtype Info: Applying patch `toc' on input line 283.
Package microtype Info: Applying patch `eqnum' on input line 283.
Package microtype Info: Applying patch `footnote' on input line 283.
Package microtype Info: Applying patch `verbatim' on input line 283.
LaTeX Info: Redefining \microtypesetup on input line 283.
Package microtype Info: Generating PDF output.
Package microtype Info: Character protrusion enabled (level 2).
Package microtype Info: Using protrusion set `basicmath'.
Package microtype Info: Automatic font expansion enabled (level 2),
(microtype)             stretch: 20, shrink: 20, step: 1, non-selected.
Package microtype Info: Using default expansion set `alltext-nott'.
LaTeX Info: Redefining \showhyphens on input line 283.
Package microtype Info: No adjustment of tracking.
Package microtype Info: No adjustment of spacing.
Package microtype Info: No adjustment of kerning.

(/usr/local/texlive/2025/texmf-dist/tex/latex/microtype/mt-LatinModernRoman.cfg
File: mt-LatinModernRoman.cfg 2021/02/21 v1.1 microtype config. file: Latin Mod
ern Roman (RS)
) (/usr/local/texlive/2025/texmf-dist/tex/latex/ninecolors/ninecolors.sty
Package: ninecolors 2022-02-13 v2022D Select colors with proper color contrast
)
(/usr/local/texlive/2025/texmf-dist/tex/latex/translations/translations-basic-d
ictionary-english.trsl
File: translations-basic-dictionary-english.trsl (english translation file `tra
nslations-basic-dictionary')
)
Package translations Info: loading dictionary `translations-basic-dictionary' f
or `english'. on input line 283.
Package hyperref Info: Link coloring ON on input line 283.
Package caption Info: Begin \AtBeginDocument code.
Package caption Info: End \AtBeginDocument code.
Package microtype Info: Loading generic protrusion settings for font family
(microtype)             `lmss' (encoding: TU).
(microtype)             For optimal results, create family-specific settings.
(microtype)             See the microtype manual for details.
LaTeX Font Info:    Font shape `TU/latinmodern-math.otf(1)/m/n' will be
(Font)              scaled to size 14.4pt on input line 285.
LaTeX Font Info:    Font shape `TU/latinmodern-math.otf(1)/m/n' will be
(Font)              scaled to size 10.0pt on input line 285.
LaTeX Font Info:    Font shape `TU/latinmodern-math.otf(1)/m/n' will be
(Font)              scaled to size 7.0pt on input line 285.
LaTeX Font Info:    Font shape `TU/latinmodern-math.otf(2)/m/n' will be
(Font)              scaled to size 14.4pt on input line 285.
LaTeX Font Info:    Font shape `TU/latinmodern-math.otf(2)/m/n' will be
(Font)              scaled to size 10.0pt on input line 285.
LaTeX Font Info:    Font shape `TU/latinmodern-math.otf(2)/m/n' will be
(Font)              scaled to size 7.0pt on input line 285.
LaTeX Font Info:    Font shape `TU/latinmodern-math.otf(3)/m/n' will be
(Font)              scaled to size 14.4pt on input line 285.
LaTeX Font Info:    Font shape `TU/latinmodern-math.otf(3)/m/n' will be
(Font)              scaled to size 10.0pt on input line 285.
LaTeX Font Info:    Font shape `TU/latinmodern-math.otf(3)/m/n' will be
(Font)              scaled to size 7.0pt on input line 285.
(/usr/local/texlive/2025/texmf-dist/tex/latex/microtype/mt-msa.cfg
File: mt-msa.cfg 2006/02/04 v1.1 microtype config. file: AMS symbols (a) (RS)
) (/usr/local/texlive/2025/texmf-dist/tex/latex/microtype/mt-msb.cfg
File: mt-msb.cfg 2005/06/01 v1.0 microtype config. file: AMS symbols (b) (RS)
)

[1



{/usr/local/texlive/2025/texmf-var/fonts/map/pdftex/updmap/pdftex.map}]
Package tocbasic Info: character protrusion at toc deactivated on input line 28
9.
No file index.toc.
\tf@toc=\write5

\openout5 = index.toc


[2

]

[3

]

LaTeX Warning: Reference `sec-introduction' on page 4 undefined on input line 3
97.


LaTeX Warning: Reference `sec-data-practices' on page 4 undefined on input line
 402.


LaTeX Warning: Reference `sec-rcts' on page 4 undefined on input line 406.


LaTeX Warning: Reference `sec-ols' on page 4 undefined on input line 411.


LaTeX Warning: Reference `sec-multivariate' on page 4 undefined on input line 4
15.


LaTeX Warning: Reference `sec-inference' on page 4 undefined on input line 419.




[4]

LaTeX Warning: Reference `sec-installingR' on page 5 undefined on input line 45
4.



[5]

[6]
chapter 1.
(/usr/local/texlive/2025/texmf-dist/tex/latex/microtype/mt-TU-empty.cfg
File: mt-TU-empty.cfg 2021/06/22 v1.1 microtype config. file: fonts with nonsta
ndard glyph set (RS)
)
LaTeX Font Info:    Font shape `TU/lmss/bx/it' in size <14.4> not available
(Font)              Font shape `TU/lmss/bx/sl' tried instead on input line 569.



[7

]
LaTeX Font Info:    Font shape `TU/latinmodern-math.otf(1)/m/n' will be
(Font)              scaled to size 9.0pt on input line 580.
LaTeX Font Info:    Font shape `TU/latinmodern-math.otf(1)/m/n' will be
(Font)              scaled to size 6.0pt on input line 580.
LaTeX Font Info:    Font shape `TU/latinmodern-math.otf(1)/m/n' will be
(Font)              scaled to size 5.0pt on input line 580.
LaTeX Font Info:    Font shape `TU/latinmodern-math.otf(2)/m/n' will be
(Font)              scaled to size 9.0pt on input line 580.
LaTeX Font Info:    Font shape `TU/latinmodern-math.otf(2)/m/n' will be
(Font)              scaled to size 6.0pt on input line 580.
LaTeX Font Info:    Font shape `TU/latinmodern-math.otf(2)/m/n' will be
(Font)              scaled to size 5.0pt on input line 580.
LaTeX Font Info:    Font shape `TU/latinmodern-math.otf(3)/m/n' will be
(Font)              scaled to size 9.0pt on input line 580.
LaTeX Font Info:    Font shape `TU/latinmodern-math.otf(3)/m/n' will be
(Font)              scaled to size 6.0pt on input line 580.
LaTeX Font Info:    Font shape `TU/latinmodern-math.otf(3)/m/n' will be
(Font)              scaled to size 5.0pt on input line 580.

LaTeX Warning: Reference `fig-us-life-exp-vs-peers' on page 8 undefined on inpu
t line 588.

<chapters/images/life_expectancy_us_vs_peers.png, id=60, 2168.1pt x 2168.1pt>
File: chapters/images/life_expectancy_us_vs_peers.png Graphic file (type png)
<use chapters/images/life_expectancy_us_vs_peers.png>
Package luatex.def Info: chapters/images/life_expectancy_us_vs_peers.png  used 
on input line 602.
(luatex.def)             Requested size: 2168.09474pt x 2168.09474pt.

LaTeX Warning: Reference `fig-us-life-exp-vs-peers' on page 8 undefined on inpu
t line 623.



[8]

[9<./chapters/images/life_expectancy_us_vs_peers.png>]

LaTeX Warning: Reference `eq-basic-econometric-model' on page 10 undefined on i
nput line 695.



[10]

LaTeX Warning: Reference `eq-basic-econometric-model' on page 11 undefined on i
nput line 739.


LaTeX Warning: Reference `tbl-training-wages' on page 11 undefined on input lin
e 740.

> Step: init table outer spec.
> Step: parse table options.
> Step: split table.
> Step: init table inner spec.
> Step: parse table inner spec.
> Step: execute table commands.
> Step: calculate cell and line sizes.
> Step: build the whole table.

LaTeX Warning: Reference `tbl-training-wages' on page 11 undefined on input lin
e 788.



[11]
<chapters/intro_files/figure-pdf/fig-scatter-training-wages-1.pdf, id=98, 388.4
5125pt x 242.9075pt>
File: chapters/intro_files/figure-pdf/fig-scatter-training-wages-1.pdf Graphic 
file (type pdf)
<use chapters/intro_files/figure-pdf/fig-scatter-training-wages-1.pdf>
Package luatex.def Info: chapters/intro_files/figure-pdf/fig-scatter-training-w
ages-1.pdf  used on input line 831.
(luatex.def)             Requested size: 388.45029pt x 242.90689pt.

LaTeX Warning: Reference `fig-scatter-training-wages' on page 12 undefined on i
nput line 837.


LaTeX Warning: Reference `tbl-training-wages' on page 12 undefined on input lin
e 839.



[12]

[13<./chapters/intro_files/figure-pdf/fig-scatter-training-wages-1.pdf>]

LaTeX Warning: Reference `sec-installingR' on page 14 undefined on input line 9
10.



[14]

[15]
chapter 2.


[16

]

LaTeX Warning: Reference `sec-stats-review' on page 17 undefined on input line 
1055.



[17]
> Step: init table outer spec.
> Step: parse table options.
> Step: split table.
> Step: init table inner spec.
> Step: parse table inner spec.
> Step: execute table commands.
> Step: calculate cell and line sizes.
> Step: build the whole table.
> Step: init table outer spec.
> Step: parse table options.
> Step: split table.
> Step: init table inner spec.
> Step: parse table inner spec.
> Step: execute table commands.
> Step: calculate cell and line sizes.
> Step: build the whole table.


[18]

[19]

LaTeX Warning: Reference `sec-installingR' on page 20 undefined on input line 1
294.



[20]

[21]

[22]

Package longtable Warning: Column widths have changed
(longtable)                in table 2.1 on input line 1450.



[23]

[24]
Overfull \hbox (7.39111pt too wide) in paragraph at lines 1577--1577
[]\TU/lmtt/m/n/10.95 $ species           <fct> Adelie, Adelie, Adelie, Adelie, 
Adelie, Adelie, Adel~[] 
 []


Overfull \hbox (7.39111pt too wide) in paragraph at lines 1578--1578
[]\TU/lmtt/m/n/10.95 $ island            <fct> Torgersen, Torgersen, Torgersen, Torgersen, Torgerse~[] 
 []


Overfull \hbox (7.39111pt too wide) in paragraph at lines 1579--1579
[]\TU/lmtt/m/n/10.95 $ bill_length_mm    <dbl> 39.1, 39.5, 40.3, NA, 36.7, 39.3,
 38.9, 39.2, 34.1, ~[] 
 []


Overfull \hbox (7.39111pt too wide) in paragraph at lines 1580--1580
[]\TU/lmtt/m/n/10.95 $ bill_depth_mm     <dbl> 18.7, 17.4, 18.0, NA, 19.3, 20.6,
 17.8, 19.6, 18.1, ~[] 
 []


Overfull \hbox (7.39111pt too wide) in paragraph at lines 1581--1581
[]\TU/lmtt/m/n/10.95 $ flipper_length_mm <int> 181, 186, 195, NA, 193, 190, 181,
 195, 193, 190, 186~[] 
 []


Overfull \hbox (7.39111pt too wide) in paragraph at lines 1582--1582
[]\TU/lmtt/m/n/10.95 $ body_mass_g       <int> 3750, 3800, 3250, NA, 3450, 3650,
 3625, 4675, 3475, ~[] 
 []


Overfull \hbox (7.39111pt too wide) in paragraph at lines 1583--1583
[]\TU/lmtt/m/n/10.95 $ sex               <fct> male, female, female, NA, female,
 male, female, male~[] 
 []


Overfull \hbox (7.39111pt too wide) in paragraph at lines 1584--1584
[]\TU/lmtt/m/n/10.95 $ year              <int> 2007, 2007, 2007, 2007, 2007, 200
7, 2007, 2007, 2007~[] 
 []



[25]
<chapters/data_practices_files/figure-pdf/fig-empty-plot-1.pdf, id=196, 387.447
5pt x 242.9075pt>
File: chapters/data_practices_files/figure-pdf/fig-empty-plot-1.pdf Graphic fil
e (type pdf)
<use chapters/data_practices_files/figure-pdf/fig-empty-plot-1.pdf>
Package luatex.def Info: chapters/data_practices_files/figure-pdf/fig-empty-plo
t-1.pdf  used on input line 1610.
(luatex.def)             Requested size: 387.44655pt x 242.90689pt.
<chapters/data_practices_files/figure-pdf/fig-basic-scatter-1.pdf, id=197, 387.
4475pt x 242.9075pt>
File: chapters/data_practices_files/figure-pdf/fig-basic-scatter-1.pdf Graphic 
file (type pdf)
<use chapters/data_practices_files/figure-pdf/fig-basic-scatter-1.pdf>
Package luatex.def Info: chapters/data_practices_files/figure-pdf/fig-basic-sca
tter-1.pdf  used on input line 1637.
(luatex.def)             Requested size: 387.44655pt x 242.90689pt.


[26<./chapters/data_practices_files/figure-pdf/fig-empty-plot-1.pdf>]
<chapters/data_practices_files/figure-pdf/fig-scatter-color-1.pdf, id=208, 381.
425pt x 242.9075pt>
File: chapters/data_practices_files/figure-pdf/fig-scatter-color-1.pdf Graphic 
file (type pdf)
<use chapters/data_practices_files/figure-pdf/fig-scatter-color-1.pdf>
Package luatex.def Info: chapters/data_practices_files/figure-pdf/fig-scatter-c
olor-1.pdf  used on input line 1667.
(luatex.def)             Requested size: 381.42406pt x 242.90689pt.


[27<./chapters/data_practices_files/figure-pdf/fig-basic-scatter-1.pdf>]
<chapters/data_practices_files/figure-pdf/fig-scatter-regression-1.pdf, id=221,
 381.425pt x 242.9075pt>
File: chapters/data_practices_files/figure-pdf/fig-scatter-regression-1.pdf Gra
phic file (type pdf)
<use chapters/data_practices_files/figure-pdf/fig-scatter-regression-1.pdf>
Package luatex.def Info: chapters/data_practices_files/figure-pdf/fig-scatter-r
egression-1.pdf  used on input line 1706.
(luatex.def)             Requested size: 381.42406pt x 242.90689pt.


[28<./chapters/data_practices_files/figure-pdf/fig-scatter-color-1.pdf>]
<chapters/data_practices_files/figure-pdf/fig-scatter-labeled-1.pdf, id=234, 38
1.425pt x 242.9075pt>
File: chapters/data_practices_files/figure-pdf/fig-scatter-labeled-1.pdf Graphi
c file (type pdf)
<use chapters/data_practices_files/figure-pdf/fig-scatter-labeled-1.pdf>
Package luatex.def Info: chapters/data_practices_files/figure-pdf/fig-scatter-l
abeled-1.pdf  used on input line 1744.
(luatex.def)             Requested size: 381.42406pt x 242.90689pt.


[29<./chapters/data_practices_files/figure-pdf/fig-scatter-regression-1.pdf>]
<chapters/data_practices_files/figure-pdf/fig-histogram-1.pdf, id=250, 387.4475
pt x 242.9075pt>
File: chapters/data_practices_files/figure-pdf/fig-histogram-1.pdf Graphic file
 (type pdf)
<use chapters/data_practices_files/figure-pdf/fig-histogram-1.pdf>
Package luatex.def Info: chapters/data_practices_files/figure-pdf/fig-histogram
-1.pdf  used on input line 1790.
(luatex.def)             Requested size: 387.44655pt x 242.90689pt.


[30<./chapters/data_practices_files/figure-pdf/fig-scatter-labeled-1.pdf>]
<chapters/data_practices_files/figure-pdf/fig-education-wages-final-1.pdf, id=2
66, 388.45125pt x 240.9pt>
File: chapters/data_practices_files/figure-pdf/fig-education-wages-final-1.pdf 
Graphic file (type pdf)
<use chapters/data_practices_files/figure-pdf/fig-education-wages-final-1.pdf>
Package luatex.def Info: chapters/data_practices_files/figure-pdf/fig-education
-wages-final-1.pdf  used on input line 1826.
(luatex.def)             Requested size: 388.45029pt x 240.8994pt.


[31<./chapters/data_practices_files/figure-pdf/fig-histogram-1.pdf>]

[32<./chapters/data_practices_files/figure-pdf/fig-education-wages-final-1.pdf>]

[33]

[34]

[35]
> Step: init table outer spec.
> Step: parse table options.
> Step: split table.
> Step: init table inner spec.
> Step: parse table inner spec.
> Step: execute table commands.
> Step: calculate cell and line sizes.
> Step: build the whole table.
<chapters/data_practices_files/figure-pdf/fig-crime-urban-1.pdf, id=316, 387.44
75pt x 242.9075pt>
File: chapters/data_practices_files/figure-pdf/fig-crime-urban-1.pdf Graphic fi
le (type pdf)
<use chapters/data_practices_files/figure-pdf/fig-crime-urban-1.pdf>
Package luatex.def Info: chapters/data_practices_files/figure-pdf/fig-crime-urb
an-1.pdf  used on input line 2073.
(luatex.def)             Requested size: 387.44655pt x 242.90689pt.


[36]

[37<./chapters/data_practices_files/figure-pdf/fig-crime-urban-1.pdf>]

[38]
chapter 3.

LaTeX Warning: Reference `sec-introduction' on page 39 undefined on input line 
2144.



[39

]
<chapters/images/rick_and_morty_title.png, id=349, 610.28pt x 902.37125pt>
File: chapters/images/rick_and_morty_title.png Graphic file (type png)
<use chapters/images/rick_and_morty_title.png>
Package luatex.def Info: chapters/images/rick_and_morty_title.png  used on inpu
t line 2203.
(luatex.def)             Requested size: 223.3789pt x 330.29218pt.
<chapters/images/c137_morty.png, id=350, 180.675pt x 328.22626pt>
File: chapters/images/c137_morty.png Graphic file (type png)
<use chapters/images/c137_morty.png>
Package luatex.def Info: chapters/images/c137_morty.png  used on input line 224
0.
(luatex.def)             Requested size: 225.84593pt x 410.2868pt.

Overfull \hbox (2.46591pt too wide) in paragraph at lines 2240--2241
 [][] 
 []

<chapters/images/college_morty.png, id=351, 337.26pt x 660.4675pt>
File: chapters/images/college_morty.png Graphic file (type png)
<use chapters/images/college_morty.png>
Package luatex.def Info: chapters/images/college_morty.png  used on input line 
2252.
(luatex.def)             Requested size: 225.84981pt x 442.28922pt.

Overfull \hbox (2.46979pt too wide) in paragraph at lines 2252--2253
 [][] 
 []



[40]

[41<./chapters/images/rick_and_morty_title.png>]

[42<./chapters/images/c137_morty.png><./chapters/images/college_morty.png>]

[43]

[44]

LaTeX Warning: Reference `fig-lln-dice' on page 45 undefined on input line 2453
.



[45]
<chapters/rcts_files/figure-pdf/fig-lln-dice-1.pdf, id=391, 387.4475pt x 240.9p
t>
File: chapters/rcts_files/figure-pdf/fig-lln-dice-1.pdf Graphic file (type pdf)

<use chapters/rcts_files/figure-pdf/fig-lln-dice-1.pdf>
Package luatex.def Info: chapters/rcts_files/figure-pdf/fig-lln-dice-1.pdf  use
d on input line 2502.
(luatex.def)             Requested size: 387.44655pt x 240.8994pt.


[46]

LaTeX Warning: Reference `fig-lln-dice' on page 47 undefined on input line 2508
.



[47<./chapters/rcts_files/figure-pdf/fig-lln-dice-1.pdf>]

[48]
Underfull \vbox (badness 10000) detected at line 2641
 []


Underfull \vbox (badness 10000) detected at line 2641
 []



[49]
<chapters/rcts_files/figure-pdf/fig-baseline-diffs-1.pdf, id=418, 387.4475pt x 
242.9075pt>
File: chapters/rcts_files/figure-pdf/fig-baseline-diffs-1.pdf Graphic file (typ
e pdf)
<use chapters/rcts_files/figure-pdf/fig-baseline-diffs-1.pdf>
Package luatex.def Info: chapters/rcts_files/figure-pdf/fig-baseline-diffs-1.pd
f  used on input line 2696.
(luatex.def)             Requested size: 387.44655pt x 242.90689pt.


[50]

LaTeX Warning: Reference `fig-baseline-diffs' on page 51 undefined on input lin
e 2702.

LaTeX Font Info:    Font shape `TU/lmtt/bx/n' in size <10.95> not available
(Font)              Font shape `TU/lmtt/b/n' tried instead on input line 2713.


[51<./chapters/rcts_files/figure-pdf/fig-baseline-diffs-1.pdf>]
Underfull \vbox (badness 10000) detected at line 2770
 []


Underfull \vbox (badness 10000) detected at line 2770
 []



[52]

LaTeX Warning: Reference `fig-random-n10' on page 53 undefined on input line 27
73.

<chapters/rcts_files/figure-pdf/fig-random-n10-1.pdf, id=440, 387.4475pt x 242.
9075pt>
File: chapters/rcts_files/figure-pdf/fig-random-n10-1.pdf Graphic file (type pd
f)
<use chapters/rcts_files/figure-pdf/fig-random-n10-1.pdf>
Package luatex.def Info: chapters/rcts_files/figure-pdf/fig-random-n10-1.pdf  u
sed on input line 2786.
(luatex.def)             Requested size: 387.44655pt x 242.90689pt.

LaTeX Warning: Reference `fig-random-n25' on page 53 undefined on input line 27
93.


LaTeX Warning: Reference `fig-random-n50' on page 53 undefined on input line 27
93.

<chapters/rcts_files/figure-pdf/fig-random-n25-1.pdf, id=441, 387.4475pt x 237.
88875pt>
File: chapters/rcts_files/figure-pdf/fig-random-n25-1.pdf Graphic file (type pd
f)
<use chapters/rcts_files/figure-pdf/fig-random-n25-1.pdf>
Package luatex.def Info: chapters/rcts_files/figure-pdf/fig-random-n25-1.pdf  u
sed on input line 2804.
(luatex.def)             Requested size: 387.44655pt x 237.88815pt.
<chapters/rcts_files/figure-pdf/fig-random-n50-1.pdf, id=442, 387.4475pt x 237.
88875pt>
File: chapters/rcts_files/figure-pdf/fig-random-n50-1.pdf Graphic file (type pd
f)
<use chapters/rcts_files/figure-pdf/fig-random-n50-1.pdf>
Package luatex.def Info: chapters/rcts_files/figure-pdf/fig-random-n50-1.pdf  u
sed on input line 2816.
(luatex.def)             Requested size: 387.44655pt x 237.88815pt.
<chapters/rcts_files/figure-pdf/fig-random-n500-1.pdf, id=443, 387.4475pt x 237
.88875pt>
File: chapters/rcts_files/figure-pdf/fig-random-n500-1.pdf Graphic file (type p
df)
<use chapters/rcts_files/figure-pdf/fig-random-n500-1.pdf>
Package luatex.def Info: chapters/rcts_files/figure-pdf/fig-random-n500-1.pdf  
used on input line 2831.
(luatex.def)             Requested size: 387.44655pt x 237.88815pt.

LaTeX Warning: Reference `fig-random-n500' on page 53 undefined on input line 2
837.



[53<./chapters/rcts_files/figure-pdf/fig-random-n10-1.pdf>]

[54<./chapters/rcts_files/figure-pdf/fig-random-n25-1.pdf><./chapters/rcts_files
/figure-pdf/fig-random-n50-1.pdf>]

[55<./chapters/rcts_files/figure-pdf/fig-random-n500-1.pdf>]

[56]

[57]

[58]

[59]
chapter 4.

LaTeX Warning: Reference `sec-rcts' on page 60 undefined on input line 3139.



[60

]
<chapters/bivariate_ols_files/figure-pdf/fig-cond-exp-example-1.pdf, id=521, 49
6.85625pt x 313.17pt>
File: chapters/bivariate_ols_files/figure-pdf/fig-cond-exp-example-1.pdf Graphi
c file (type pdf)
<use chapters/bivariate_ols_files/figure-pdf/fig-cond-exp-example-1.pdf>
Package luatex.def Info: chapters/bivariate_ols_files/figure-pdf/fig-cond-exp-e
xample-1.pdf  used on input line 3208.
(luatex.def)             Requested size: 357.41022pt x 225.27673pt.

LaTeX Warning: Reference `fig-cond-exp-example' on page 61 undefined on input l
ine 3214.


LaTeX Warning: Reference `fig-cond-exp-example' on page 61 undefined on input l
ine 3217.



[61]

[62<./chapters/bivariate_ols_files/figure-pdf/fig-cond-exp-example-1.pdf>]

LaTeX Warning: Reference `eq-pop-reg' on page 63 undefined on input line 3288.



[63]
<chapters/bivariate_ols_files/figure-pdf/fig-regression-components-1.pdf, id=55
6, 387.4475pt x 244.915pt>
File: chapters/bivariate_ols_files/figure-pdf/fig-regression-components-1.pdf G
raphic file (type pdf)
<use chapters/bivariate_ols_files/figure-pdf/fig-regression-components-1.pdf>
Package luatex.def Info: chapters/bivariate_ols_files/figure-pdf/fig-regression
-components-1.pdf  used on input line 3377.
(luatex.def)             Requested size: 387.44655pt x 244.91438pt.
[64]

[65]

[66<./chapters/bivariate_ols_files/figure-pdf/fig-regression-components-1.pdf>]

LaTeX Warning: Reference `eq-b0-formula' on page 67 undefined on input line 353
3.


LaTeX Warning: Reference `sec-stats-review' on page 67 undefined on input line 
3535.



[67]

LaTeX Warning: Reference `sec-stats-review' on page 68 undefined on input line 
3556.



[68]

LaTeX Warning: Reference `sec-introduction' on page 69 undefined on input line 
3598.



[69]

LaTeX Warning: Reference `sec-stats-review' on page 70 undefined on input line 
3677.


LaTeX Warning: Reference `eq-b1-formula' on page 70 undefined on input line 368
1.


LaTeX Warning: Reference `eq-b0-formula' on page 70 undefined on input line 369
3.



[70]

Package longtable Warning: Column widths have changed
(longtable)                in none 3 on input line 3730.



[71]

[72]

[73]

[74]

[75]

LaTeX Warning: Reference `sec-multivariate' on page 76 undefined on input line 
4032.



[76]
<chapters/bivariate_ols_files/figure-pdf/fig-homohetero-1.pdf, id=664, 627.3437
5pt x 265.99374pt>
File: chapters/bivariate_ols_files/figure-pdf/fig-homohetero-1.pdf Graphic file
 (type pdf)
<use chapters/bivariate_ols_files/figure-pdf/fig-homohetero-1.pdf>
Package luatex.def Info: chapters/bivariate_ols_files/figure-pdf/fig-homohetero
-1.pdf  used on input line 4072.
(luatex.def)             Requested size: 402.09212pt x 170.48705pt.


[77<./chapters/bivariate_ols_files/figure-pdf/fig-homohetero-1.pdf>]

LaTeX Warning: Reference `sec-stats-review' on page 78 undefined on input line 
4121.



[78]

LaTeX Warning: Reference `eq-b1-formula' on page 79 undefined on input line 418
8.


LaTeX Warning: Reference `sec-stats-review' on page 79 undefined on input line 
4218.



[79]

[80]

Package tcolorbox Warning: Using nobreak failed. Try to enlarge `lines before b
reak' or set page breaks manually on input line 4277.

<chapters/bivariate_ols_files/figure-pdf/fig-unbiasedness-1.pdf, id=706, 495.85
25pt x 277.035pt>
File: chapters/bivariate_ols_files/figure-pdf/fig-unbiasedness-1.pdf Graphic fi
le (type pdf)
<use chapters/bivariate_ols_files/figure-pdf/fig-unbiasedness-1.pdf>
Package luatex.def Info: chapters/bivariate_ols_files/figure-pdf/fig-unbiasedne
ss-1.pdf  used on input line 4287.
(luatex.def)             Requested size: 357.41452pt x 199.68909pt.

LaTeX Warning: Reference `fig-unbiasedness' on page 81 undefined on input line 
4293.

LaTeX Font Info:    Font shape `TU/latinmodern-math.otf(1)/m/n' will be
(Font)              scaled to size 12.0pt on input line 4303.
LaTeX Font Info:    Font shape `TU/latinmodern-math.otf(1)/m/n' will be
(Font)              scaled to size 8.0pt on input line 4303.
LaTeX Font Info:    Font shape `TU/latinmodern-math.otf(2)/m/n' will be
(Font)              scaled to size 12.0pt on input line 4303.
LaTeX Font Info:    Font shape `TU/latinmodern-math.otf(2)/m/n' will be
(Font)              scaled to size 8.0pt on input line 4303.
LaTeX Font Info:    Font shape `TU/latinmodern-math.otf(3)/m/n' will be
(Font)              scaled to size 12.0pt on input line 4303.
LaTeX Font Info:    Font shape `TU/latinmodern-math.otf(3)/m/n' will be
(Font)              scaled to size 8.0pt on input line 4303.


[81]

[82<./chapters/bivariate_ols_files/figure-pdf/fig-unbiasedness-1.pdf>]

[83]

[84]

LaTeX Warning: Reference `sec-multivariate' on page 85 undefined on input line 
4463.


LaTeX Warning: Reference `sec-inference' on page 85 undefined on input line 446
7.



[85]

[86]

[87]

[88]
chapter 5.

LaTeX Warning: Reference `sec-ols' on page 89 undefined on input line 4666.



[89

]

[90]

[91]

[92]

[93]

[94]

[95]

Package longtable Warning: Column widths have changed
(longtable)                in none 4 on input line 5066.



[96]

[97]

Package longtable Warning: Column widths have changed
(longtable)                in table 5.1 on input line 5162.


Package longtable Warning: Column widths have changed
(longtable)                in none 5 on input line 5198.



[98]

Package longtable Warning: Column widths have changed
(longtable)                in none 6 on input line 5235.



[99]

Package longtable Warning: Column widths have changed
(longtable)                in none 7 on input line 5270.



[100]

[101]

[102]
Underfull \hbox (badness 10000) in paragraph at lines 5486--5490
[]\TU/lmr/m/n/10.95 In-clud-ing \TU/lmtt/m/n/10.95 parent1_income\TU/lmr/m/n/10
.95 , \TU/lmtt/m/n/10.95 parent2_income\TU/lmr/m/n/10.95 , and \TU/lmtt/m/n/10.
95 family_income \TU/lmr/m/n/10.95 when
 []



[103]

[104]

[105]

[106]

[107]

LaTeX Warning: Reference `eq-multivar-variance' on page 108 undefined on input 
line 5765.


LaTeX Warning: Reference `sec-stats-review' on page 108 undefined on input line
 5810.



[108]

[109]

[110
Missing character: There is no σ (U+03C3) in font [lmmono10-regular]:!
Missing character: There is no μ (U+03BC) in font [lmmono10-regular]:!
]
<chapters/multivariate_ols_files/figure-pdf/fig-sigma-hat-sim-1.pdf, id=941, 38
5.44pt x 236.885pt>
File: chapters/multivariate_ols_files/figure-pdf/fig-sigma-hat-sim-1.pdf Graphi
c file (type pdf)
<use chapters/multivariate_ols_files/figure-pdf/fig-sigma-hat-sim-1.pdf>
Package luatex.def Info: chapters/multivariate_ols_files/figure-pdf/fig-sigma-h
at-sim-1.pdf  used on input line 5952.
(luatex.def)             Requested size: 385.43906pt x 236.88441pt.


[111
Missing character: There is no σ (U+03C3) in font [lmmono10-regular]:!
Missing character: There is no σ (U+03C3) in font [lmmono10-regular]:!
Missing character: There is no σ (U+03C3) in font [lmmono10-regular]:!
Missing character: There is no σ (U+03C3) in font [lmmono10-regular]:!
]

[112
Missing character: There is no σ (U+03C3) in font [lmmono10-regular]:!
<./chapters/multivariate_ols_files/figure-pdf/fig-sigma-hat-sim-1.pdf>]
<chapters/multivariate_ols_files/figure-pdf/fig-sigma-hat-biased-1.pdf, id=963,
 391.4625pt x 232.87pt>
File: chapters/multivariate_ols_files/figure-pdf/fig-sigma-hat-biased-1.pdf Gra
phic file (type pdf)
<use chapters/multivariate_ols_files/figure-pdf/fig-sigma-hat-biased-1.pdf>
Package luatex.def Info: chapters/multivariate_ols_files/figure-pdf/fig-sigma-h
at-biased-1.pdf  used on input line 6000.
(luatex.def)             Requested size: 391.46153pt x 232.86942pt.


[113<./chapters/multivariate_ols_files/figure-pdf/fig-sigma-hat-biased-1.pdf>]

Package longtable Warning: Column widths have changed
(longtable)                in none 9 on input line 6055.



[114]
<chapters/multivariate_ols_files/figure-pdf/fig-bias-variance-1.pdf, id=993, 85
7.2025pt x 559.08875pt>
File: chapters/multivariate_ols_files/figure-pdf/fig-bias-variance-1.pdf Graphi
c file (type pdf)
<use chapters/multivariate_ols_files/figure-pdf/fig-bias-variance-1.pdf>
Package luatex.def Info: chapters/multivariate_ols_files/figure-pdf/fig-bias-va
riance-1.pdf  used on input line 6110.
(luatex.def)             Requested size: 446.75502pt x 291.3847pt.


[115<./chapters/multivariate_ols_files/figure-pdf/fig-bias-variance-1.pdf>]

[116]
chapter 6.


[117

]

[118]
<chapters/statistical_inference_files/figure-pdf/fig-sampling-dist-sim-1.pdf, i
d=1030, 387.4475pt x 239.89626pt>
File: chapters/statistical_inference_files/figure-pdf/fig-sampling-dist-sim-1.p
df Graphic file (type pdf)
<use chapters/statistical_inference_files/figure-pdf/fig-sampling-dist-sim-1.pd
f>
Package luatex.def Info: chapters/statistical_inference_files/figure-pdf/fig-sa
mpling-dist-sim-1.pdf  used on input line 6307.
(luatex.def)             Requested size: 387.44655pt x 239.89566pt.


[119
Missing character: There is no β (U+03B2) in font [lmroman10-regular]:+tlig;!
Missing character: There is no ₁ (U+2081) in font [lmroman10-regular]:+tlig;!
Missing character: There is no β (U+03B2) in font [lmroman10-regular]:+tlig;!
Missing character: There is no ₁ (U+2081) in font [lmroman10-regular]:+tlig;!
<./chapters/statistical_inference_files/figure-pdf/fig-sampling-dist-sim-1.pdf>]
<chapters/statistical_inference_files/figure-pdf/fig-estimate-close-1.pdf, id=1
044, 387.4475pt x 240.9pt>
File: chapters/statistical_inference_files/figure-pdf/fig-estimate-close-1.pdf 
Graphic file (type pdf)
<use chapters/statistical_inference_files/figure-pdf/fig-estimate-close-1.pdf>
Package luatex.def Info: chapters/statistical_inference_files/figure-pdf/fig-es
timate-close-1.pdf  used on input line 6340.
(luatex.def)             Requested size: 387.44655pt x 240.8994pt.
<chapters/statistical_inference_files/figure-pdf/fig-estimate-far-1.pdf, id=104
5, 389.455pt x 240.9pt>
File: chapters/statistical_inference_files/figure-pdf/fig-estimate-far-1.pdf Gr
aphic file (type pdf)
<use chapters/statistical_inference_files/figure-pdf/fig-estimate-far-1.pdf>
Package luatex.def Info: chapters/statistical_inference_files/figure-pdf/fig-es
timate-far-1.pdf  used on input line 6355.
(luatex.def)             Requested size: 389.45404pt x 240.8994pt.


[120<./chapters/statistical_inference_files/figure-pdf/fig-estimate-close-1.pdf>
]

[121<./chapters/statistical_inference_files/figure-pdf/fig-estimate-far-1.pdf>]


[122]
<chapters/statistical_inference_files/figure-pdf/fig-normal-dist-1.pdf, id=1078
, 387.4475pt x 242.9075pt>
File: chapters/statistical_inference_files/figure-pdf/fig-normal-dist-1.pdf Gra
phic file (type pdf)
<use chapters/statistical_inference_files/figure-pdf/fig-normal-dist-1.pdf>
Package luatex.def Info: chapters/statistical_inference_files/figure-pdf/fig-no
rmal-dist-1.pdf  used on input line 6460.
(luatex.def)             Requested size: 387.44655pt x 242.90689pt.


[123
Missing character: There is no μ (U+03BC) in font [lmmono10-regular]:!
Missing character: There is no σ (U+03C3) in font [lmmono10-regular]:!
<./chapters/statistical_inference_files/figure-pdf/fig-normal-dist-1.pdf>]
<chapters/statistical_inference_files/figure-pdf/fig-normal-sampling-1.pdf, id=
1094, 387.4475pt x 240.9pt>
File: chapters/statistical_inference_files/figure-pdf/fig-normal-sampling-1.pdf
 Graphic file (type pdf)
<use chapters/statistical_inference_files/figure-pdf/fig-normal-sampling-1.pdf>

Package luatex.def Info: chapters/statistical_inference_files/figure-pdf/fig-no
rmal-sampling-1.pdf  used on input line 6519.
(luatex.def)             Requested size: 387.44655pt x 240.8994pt.


[124]

[125
Missing character: There is no β (U+03B2) in font [lmroman10-regular]:+tlig;!
Missing character: There is no ₁ (U+2081) in font [lmroman10-regular]:+tlig;!
<./chapters/statistical_inference_files/figure-pdf/fig-normal-sampling-1.pdf>]

[126]
<chapters/statistical_inference_files/figure-pdf/fig-error-distributions-1.pdf,
 id=1118, 387.4475pt x 237.88875pt>
File: chapters/statistical_inference_files/figure-pdf/fig-error-distributions-1
.pdf Graphic file (type pdf)
<use chapters/statistical_inference_files/figure-pdf/fig-error-distributions-1.
pdf>
Package luatex.def Info: chapters/statistical_inference_files/figure-pdf/fig-er
ror-distributions-1.pdf  used on input line 6642.
(luatex.def)             Requested size: 387.44655pt x 237.88815pt.


[127]

[128<./chapters/statistical_inference_files/figure-pdf/fig-error-distributions-1
.pdf>]
<chapters/statistical_inference_files/figure-pdf/fig-asymptotic-normality-1.pdf
, id=1136, 387.4475pt x 235.88126pt>
File: chapters/statistical_inference_files/figure-pdf/fig-asymptotic-normality-
1.pdf Graphic file (type pdf)
<use chapters/statistical_inference_files/figure-pdf/fig-asymptotic-normality-1
.pdf>
Package luatex.def Info: chapters/statistical_inference_files/figure-pdf/fig-as
ymptotic-normality-1.pdf  used on input line 6697.
(luatex.def)             Requested size: 387.44655pt x 235.88068pt.


[129
Missing character: There is no β (U+03B2) in font [lmroman10-regular]:+tlig;!
Missing character: There is no ₁ (U+2081) in font [lmroman10-regular]:+tlig;!
<./chapters/statistical_inference_files/figure-pdf/fig-asymptotic-normality-1.pd
f>]

[130]
<chapters/statistical_inference_files/figure-pdf/fig-t-dist-null-1.pdf, id=1155
, 387.4475pt x 240.9pt>
File: chapters/statistical_inference_files/figure-pdf/fig-t-dist-null-1.pdf Gra
phic file (type pdf)
<use chapters/statistical_inference_files/figure-pdf/fig-t-dist-null-1.pdf>
Package luatex.def Info: chapters/statistical_inference_files/figure-pdf/fig-t-
dist-null-1.pdf  used on input line 6823.
(luatex.def)             Requested size: 387.44655pt x 240.8994pt.


[131]

[132
Missing character: There is no ₀ (U+2080) in font [lmroman10-regular]:+tlig;!
Missing character: There is no β (U+03B2) in font [lmroman10-regular]:+tlig;!
Missing character: There is no ⱼ (U+2C7C) in font [lmroman10-regular]:+tlig;!
<./chapters/statistical_inference_files/figure-pdf/fig-t-dist-null-1.pdf>]

[133]
<chapters/statistical_inference_files/figure-pdf/fig-t-test-comparison-1.pdf, i
d=1184, 377.41pt x 229.85875pt>
File: chapters/statistical_inference_files/figure-pdf/fig-t-test-comparison-1.p
df Graphic file (type pdf)
<use chapters/statistical_inference_files/figure-pdf/fig-t-test-comparison-1.pd
f>
Package luatex.def Info: chapters/statistical_inference_files/figure-pdf/fig-t-
test-comparison-1.pdf  used on input line 6935.
(luatex.def)             Requested size: 377.40907pt x 229.85817pt.


[134
Missing character: There is no ₀ (U+2080) in font [lmroman10-regular]:+tlig;!
Missing character: There is no ₀ (U+2080) in font [lmroman10-regular]:+tlig;!
<./chapters/statistical_inference_files/figure-pdf/fig-t-test-comparison-1.pdf>]

[135]
<chapters/statistical_inference_files/figure-pdf/fig-critical-values-1.pdf, id=
1202, 387.4475pt x 240.9pt>
File: chapters/statistical_inference_files/figure-pdf/fig-critical-values-1.pdf
 Graphic file (type pdf)
<use chapters/statistical_inference_files/figure-pdf/fig-critical-values-1.pdf>

Package luatex.def Info: chapters/statistical_inference_files/figure-pdf/fig-cr
itical-values-1.pdf  used on input line 7043.
(luatex.def)             Requested size: 387.44655pt x 240.8994pt.


[136]

[137
Missing character: There is no ₀ (U+2080) in font [lmroman10-regular]:+tlig;!
<./chapters/statistical_inference_files/figure-pdf/fig-critical-values-1.pdf>]

[138]

[139]

[140
Missing character: There is no ≈ (U+2248) in font [lmroman10-bold]:+tlig;!
]

[141]
<chapters/statistical_inference_files/figure-pdf/fig-pvalue-viz-1.pdf, id=1244,
 387.4475pt x 240.9pt>
File: chapters/statistical_inference_files/figure-pdf/fig-pvalue-viz-1.pdf Grap
hic file (type pdf)
<use chapters/statistical_inference_files/figure-pdf/fig-pvalue-viz-1.pdf>
Package luatex.def Info: chapters/statistical_inference_files/figure-pdf/fig-pv
alue-viz-1.pdf  used on input line 7322.
(luatex.def)             Requested size: 387.44655pt x 240.8994pt.


[142
Missing character: There is no ≈ (U+2248) in font [lmroman10-regular]:+tlig;!
<./chapters/statistical_inference_files/figure-pdf/fig-pvalue-viz-1.pdf>]

[143]

[144]

[145]
<chapters/statistical_inference_files/figure-pdf/fig-ci-simulation-1.pdf, id=12
80, 387.4475pt x 231.86626pt>
File: chapters/statistical_inference_files/figure-pdf/fig-ci-simulation-1.pdf G
raphic file (type pdf)
<use chapters/statistical_inference_files/figure-pdf/fig-ci-simulation-1.pdf>
Package luatex.def Info: chapters/statistical_inference_files/figure-pdf/fig-ci
-simulation-1.pdf  used on input line 7567.
(luatex.def)             Requested size: 387.44655pt x 231.86568pt.


[146]

[147
Missing character: There is no β (U+03B2) in font [lmroman10-regular]:+tlig;!
Missing character: There is no ₁ (U+2081) in font [lmroman10-regular]:+tlig;!
<./chapters/statistical_inference_files/figure-pdf/fig-ci-simulation-1.pdf>]

[148]

[149]

[150]
LaTeX Font Info:    Font shape `TU/lmtt/bx/n' in size <12> not available
(Font)              Font shape `TU/lmtt/b/n' tried instead on input line 7838.


[151]

[152]

LaTeX Warning: Reference `sec-multivariate' on page 153 undefined on input line
 7937.

> Step: init table outer spec.
> Step: parse table options.
> Step: split table.
> Step: init table inner spec.
> Step: parse table inner spec.
> Step: execute table commands.
> Step: calculate cell and line sizes.
> Step: build the whole table.


[153]

[154]
> Step: init table outer spec.
> Step: parse table options.
> Step: split table.
> Step: init table inner spec.
> Step: parse table inner spec.
> Step: execute table commands.
> Step: calculate cell and line sizes.
> Step: build the whole table.
> Step: init table outer spec.
> Step: parse table options.
> Step: split table.
> Step: init table inner spec.
> Step: parse table inner spec.
> Step: execute table commands.
> Step: calculate cell and line sizes.
> Step: build the whole table.


[155]

[156]

[157
Missing character: There is no ≠ (U+2260) in font [lmroman10-bold]:+tlig;!
]
chapter 7.


[158

]

Package longtable Warning: Column widths have changed
(longtable)                in table 7.1 on input line 8284.


Package longtable Warning: Column widths have changed
(longtable)                in table 7.2 on input line 8317.



[159]

[160]
<chapters/dummies_nonlins_files/figure-pdf/fig-dummy-shift-1.pdf, id=1397, 387.
4475pt x 232.87pt>
File: chapters/dummies_nonlins_files/figure-pdf/fig-dummy-shift-1.pdf Graphic f
ile (type pdf)
<use chapters/dummies_nonlins_files/figure-pdf/fig-dummy-shift-1.pdf>
Package luatex.def Info: chapters/dummies_nonlins_files/figure-pdf/fig-dummy-sh
ift-1.pdf  used on input line 8406.
(luatex.def)             Requested size: 387.44655pt x 232.86942pt.


[161<./chapters/dummies_nonlins_files/figure-pdf/fig-dummy-shift-1.pdf>]

Package longtable Warning: Column widths have changed
(longtable)                in table 7.3 on input line 8483.

[162]
Overfull \hbox (9.80061pt too wide) in paragraph at lines 8509--8510
 []\TU/lmr/m/n/10.95 body_mass_g
 []


Overfull \hbox (9.80061pt too wide) in paragraph at lines 8525--8526
 []\TU/lmr/m/n/10.95 body_mass_g
 []



[163]

[164]
Overfull \hbox (1.64236pt too wide) in paragraph at lines 8683--8683
[]\TU/lmtt/m/n/10.95 lm(formula = flipper_length_mm ~ body_mass_g + species_f, 
data = penguin_data)[] 
 []



[165]
Overfull \hbox (1.64236pt too wide) in paragraph at lines 8723--8723
[]\TU/lmtt/m/n/10.95 lm(formula = flipper_length_mm ~ body_mass_g + species_f, 
data = penguin_data)[] 
 []



[166]
<chapters/dummies_nonlins_files/figure-pdf/fig-quadratic-1.pdf, id=1438, 388.45
125pt x 232.87pt>
File: chapters/dummies_nonlins_files/figure-pdf/fig-quadratic-1.pdf Graphic fil
e (type pdf)
<use chapters/dummies_nonlins_files/figure-pdf/fig-quadratic-1.pdf>
Package luatex.def Info: chapters/dummies_nonlins_files/figure-pdf/fig-quadrati
c-1.pdf  used on input line 8782.
(luatex.def)             Requested size: 388.45029pt x 232.86942pt.

LaTeX Warning: Reference `fig-quadratic' on page 167 undefined on input line 87
88.



[167]

[168<./chapters/dummies_nonlins_files/figure-pdf/fig-quadratic-1.pdf>]

[169]

[170]

[171]

[172]

[173]

[174]

[175]

[176]
Overfull \hbox (6.61487pt too wide) in paragraph at lines 9324--9324
[]|\TU/lmr/bx/n/10.95 Quadratic|  
 []

[177
Missing character: There is no ≈ (U+2248) in font [lmroman10-regular]:+tlig;!
]

[178
Missing character: There is no ≈ (U+2248) in font [lmroman10-regular]:+tlig;!
Missing character: There is no ≈ (U+2248) in font [lmroman10-regular]:+tlig;!
Missing character: There is no ≈ (U+2248) in font [lmroman10-regular]:+tlig;!
]

LaTeX Warning: Reference `tbl-functional-forms' on page 179 undefined on input 
line 9375.



[179]
chapter 8.

LaTeX Warning: Reference `sec-dummy-nonlinear' on page 180 undefined on input l
ine 9419.


LaTeX Warning: Reference `sec-dummy-nonlinear' on page 180 undefined on input l
ine 9440.



[180

]

LaTeX Warning: Reference `sec-dummy-nonlinear' on page 181 undefined on input l
ine 9484.



[181]

Package longtable Warning: Column widths have changed
(longtable)                in table 8.1 on input line 9539.


LaTeX Warning: Reference `tbl-interaction-groups' on page 182 undefined on inpu
t line 9541.



[182]

LaTeX Warning: Reference `tbl-interaction-groups' on page 183 undefined on inpu
t line 9628.



[183]

LaTeX Warning: Reference `fig-waterfall-interaction' on page 184 undefined on i
nput line 9674.

<chapters/interaction_effects_files/figure-pdf/fig-waterfall-interaction-1.pdf,
 id=1541, 392.46625pt x 236.885pt>
File: chapters/interaction_effects_files/figure-pdf/fig-waterfall-interaction-1
.pdf Graphic file (type pdf)
<use chapters/interaction_effects_files/figure-pdf/fig-waterfall-interaction-1.
pdf>
Package luatex.def Info: chapters/interaction_effects_files/figure-pdf/fig-wate
rfall-interaction-1.pdf  used on input line 9691.
(luatex.def)             Requested size: 392.46527pt x 236.88441pt.

LaTeX Warning: Reference `sec-dummy-nonlinear' on page 184 undefined on input l
ine 9728.



[184]

[185<./chapters/interaction_effects_files/figure-pdf/fig-waterfall-interaction-1
.pdf>]

[186]

LaTeX Warning: Reference `sec-dummy-nonlinear' on page 187 undefined on input l
ine 9863.

<chapters/interaction_effects_files/figure-pdf/fig-interaction-slopes-1.pdf, id
=1567, 392.46625pt x 232.87pt>
File: chapters/interaction_effects_files/figure-pdf/fig-interaction-slopes-1.pd
f Graphic file (type pdf)
<use chapters/interaction_effects_files/figure-pdf/fig-interaction-slopes-1.pdf
>
Package luatex.def Info: chapters/interaction_effects_files/figure-pdf/fig-inte
raction-slopes-1.pdf  used on input line 9876.
(luatex.def)             Requested size: 392.46527pt x 232.86942pt.

LaTeX Warning: Reference `fig-interaction-slopes' on page 187 undefined on inpu
t line 9882.



[187]

[188<./chapters/interaction_effects_files/figure-pdf/fig-interaction-slopes-1.pd
f>]

[189]

[190]
> Step: init table outer spec.
> Step: parse table options.
> Step: split table.
> Step: init table inner spec.
> Step: parse table inner spec.
> Step: execute table commands.
> Step: calculate cell and line sizes.
> Step: build the whole table.

Overfull \hbox (1.64009pt too wide) in paragraph at lines 10109--10110
[]\TU/lmr/m/n/10.95 Value  
 []


Overfull \hbox (1.64009pt too wide) in paragraph at lines 10121--10122
[]\TU/lmr/m/n/10.95 Value  
 []


Overfull \hbox (5.65504pt too wide) in paragraph at lines 10127--10128
[]|\TU/lmr/m/n/10.95 11.208|  
 []


Overfull \hbox (5.65504pt too wide) in paragraph at lines 10129--10130
[]|\TU/lmr/m/n/10.95 11.174|  
 []


Overfull \hbox (5.65504pt too wide) in paragraph at lines 10131--10132
[]|\TU/lmr/m/n/10.95 11.391|  
 []


Overfull \hbox (5.65504pt too wide) in paragraph at lines 10135--10136
[]|\TU/lmr/m/n/10.95 11.593|  
 []


Overfull \hbox (5.65504pt too wide) in paragraph at lines 10138--10139
[]|\TU/lmr/m/n/10.95 11.574|  
 []

[191]
> Step: init table outer spec.
> Step: parse table options.
> Step: split table.
> Step: init table inner spec.
> Step: parse table inner spec.
> Step: execute table commands.
> Step: calculate cell and line sizes.
> Step: build the whole table.


[192]

[193]

[194]
chapter 9.


[195

]
<chapters/heteroskedasticity_files/figure-pdf/fig-homoskedastic-1.pdf, id=1637,
 387.4475pt x 239.89626pt>
File: chapters/heteroskedasticity_files/figure-pdf/fig-homoskedastic-1.pdf Grap
hic file (type pdf)
<use chapters/heteroskedasticity_files/figure-pdf/fig-homoskedastic-1.pdf>
Package luatex.def Info: chapters/heteroskedasticity_files/figure-pdf/fig-homos
kedastic-1.pdf  used on input line 10390.
(luatex.def)             Requested size: 387.44655pt x 239.89566pt.
<chapters/heteroskedasticity_files/figure-pdf/fig-heteroskedastic-1.pdf, id=163
8, 387.4475pt x 239.89626pt>
File: chapters/heteroskedasticity_files/figure-pdf/fig-heteroskedastic-1.pdf Gr
aphic file (type pdf)
<use chapters/heteroskedasticity_files/figure-pdf/fig-heteroskedastic-1.pdf>
Package luatex.def Info: chapters/heteroskedasticity_files/figure-pdf/fig-heter
oskedastic-1.pdf  used on input line 10426.
(luatex.def)             Requested size: 387.44655pt x 239.89566pt.


[196<./chapters/heteroskedasticity_files/figure-pdf/fig-homoskedastic-1.pdf>]
<chapters/heteroskedasticity_files/figure-pdf/fig-comparison-1.pdf, id=1659, 71
2.6625pt x 276.03125pt>
File: chapters/heteroskedasticity_files/figure-pdf/fig-comparison-1.pdf Graphic
 file (type pdf)
<use chapters/heteroskedasticity_files/figure-pdf/fig-comparison-1.pdf>
Package luatex.def Info: chapters/heteroskedasticity_files/figure-pdf/fig-compa
rison-1.pdf  used on input line 10457.
(luatex.def)             Requested size: 712.66077pt x 276.03056pt.


[197<./chapters/heteroskedasticity_files/figure-pdf/fig-heteroskedastic-1.pdf>]


[198<./chapters/heteroskedasticity_files/figure-pdf/fig-comparison-1.pdf>]
<chapters/heteroskedasticity_files/figure-pdf/fig-homo-sampling-1.pdf, id=1700,
 392.46625pt x 239.89626pt>
File: chapters/heteroskedasticity_files/figure-pdf/fig-homo-sampling-1.pdf Grap
hic file (type pdf)
<use chapters/heteroskedasticity_files/figure-pdf/fig-homo-sampling-1.pdf>
Package luatex.def Info: chapters/heteroskedasticity_files/figure-pdf/fig-homo-
sampling-1.pdf  used on input line 10572.
(luatex.def)             Requested size: 392.46527pt x 239.89566pt.


[199]
<chapters/heteroskedasticity_files/figure-pdf/fig-sim-data-comparison-1.pdf, id
=1707, 712.6625pt x 276.03125pt>
File: chapters/heteroskedasticity_files/figure-pdf/fig-sim-data-comparison-1.pd
f Graphic file (type pdf)
<use chapters/heteroskedasticity_files/figure-pdf/fig-sim-data-comparison-1.pdf
>
Package luatex.def Info: chapters/heteroskedasticity_files/figure-pdf/fig-sim-d
ata-comparison-1.pdf  used on input line 10601.
(luatex.def)             Requested size: 712.66077pt x 276.03056pt.


[200<./chapters/heteroskedasticity_files/figure-pdf/fig-homo-sampling-1.pdf>]
<chapters/heteroskedasticity_files/figure-pdf/fig-sampling-comparison-1.pdf, id
=1725, 556.0775pt x 486.81876pt>
File: chapters/heteroskedasticity_files/figure-pdf/fig-sampling-comparison-1.pd
f Graphic file (type pdf)
<use chapters/heteroskedasticity_files/figure-pdf/fig-sampling-comparison-1.pdf
>
Package luatex.def Info: chapters/heteroskedasticity_files/figure-pdf/fig-sampl
ing-comparison-1.pdf  used on input line 10660.
(luatex.def)             Requested size: 556.07614pt x 486.81757pt.


[201<./chapters/heteroskedasticity_files/figure-pdf/fig-sim-data-comparison-1.pd
f>]

[202<./chapters/heteroskedasticity_files/figure-pdf/fig-sampling-comparison-1.pd
f>]

[203]

[204]
<chapters/heteroskedasticity_files/figure-pdf/fig-sampling-dist-1.pdf, id=1770,
 392.46625pt x 239.89626pt>
File: chapters/heteroskedasticity_files/figure-pdf/fig-sampling-dist-1.pdf Grap
hic file (type pdf)
<use chapters/heteroskedasticity_files/figure-pdf/fig-sampling-dist-1.pdf>
Package luatex.def Info: chapters/heteroskedasticity_files/figure-pdf/fig-sampl
ing-dist-1.pdf  used on input line 10833.
(luatex.def)             Requested size: 392.46527pt x 239.89566pt.


[205]
<chapters/heteroskedasticity_files/figure-pdf/fig-type1-comparison-1.pdf, id=17
76, 387.4475pt x 227.85126pt>
File: chapters/heteroskedasticity_files/figure-pdf/fig-type1-comparison-1.pdf G
raphic file (type pdf)
<use chapters/heteroskedasticity_files/figure-pdf/fig-type1-comparison-1.pdf>
Package luatex.def Info: chapters/heteroskedasticity_files/figure-pdf/fig-type1
-comparison-1.pdf  used on input line 10856.
(luatex.def)             Requested size: 387.44655pt x 227.8507pt.


[206<./chapters/heteroskedasticity_files/figure-pdf/fig-sampling-dist-1.pdf>]

[207<./chapters/heteroskedasticity_files/figure-pdf/fig-type1-comparison-1.pdf>]
> Step: init table outer spec.
> Step: parse table options.
> Step: split table.
> Step: init table inner spec.
> Step: parse table inner spec.
> Step: execute table commands.
> Step: calculate cell and line sizes.
> Step: build the whole table.


[208]
<chapters/heteroskedasticity_files/figure-pdf/fig-homo-robust-comparison-1.pdf,
 id=1816, 712.6625pt x 274.02374pt>
File: chapters/heteroskedasticity_files/figure-pdf/fig-homo-robust-comparison-1
.pdf Graphic file (type pdf)
<use chapters/heteroskedasticity_files/figure-pdf/fig-homo-robust-comparison-1.
pdf>
Package luatex.def Info: chapters/heteroskedasticity_files/figure-pdf/fig-homo-
robust-comparison-1.pdf  used on input line 11000.
(luatex.def)             Requested size: 712.66077pt x 274.02307pt.


[209<./chapters/heteroskedasticity_files/figure-pdf/fig-homo-robust-comparison-1
.pdf>]

[210]

[211]
chapter 10.


[212

]
<chapters/binary_outcomes_files/figure-pdf/fig-binary-dist-1.pdf, id=1853, 387.
4475pt x 242.9075pt>
File: chapters/binary_outcomes_files/figure-pdf/fig-binary-dist-1.pdf Graphic f
ile (type pdf)
<use chapters/binary_outcomes_files/figure-pdf/fig-binary-dist-1.pdf>
Package luatex.def Info: chapters/binary_outcomes_files/figure-pdf/fig-binary-d
ist-1.pdf  used on input line 11160.
(luatex.def)             Requested size: 387.44655pt x 242.90689pt.

LaTeX Warning: Reference `fig-binary-dist' on page 213 undefined on input line 
11166.



[213<./chapters/binary_outcomes_files/figure-pdf/fig-binary-dist-1.pdf>]

[214]
<chapters/binary_outcomes_files/figure-pdf/fig-raw-relationship-1.pdf, id=1872,
 387.4475pt x 242.9075pt>
File: chapters/binary_outcomes_files/figure-pdf/fig-raw-relationship-1.pdf Grap
hic file (type pdf)
<use chapters/binary_outcomes_files/figure-pdf/fig-raw-relationship-1.pdf>
Package luatex.def Info: chapters/binary_outcomes_files/figure-pdf/fig-raw-rela
tionship-1.pdf  used on input line 11271.
(luatex.def)             Requested size: 387.44655pt x 242.90689pt.


[215]

LaTeX Warning: Reference `fig-raw-relationship' on page 216 undefined on input 
line 11277.



[216<./chapters/binary_outcomes_files/figure-pdf/fig-raw-relationship-1.pdf>]

[217]
<chapters/binary_outcomes_files/figure-pdf/fig-lpm-oob-1.pdf, id=1895, 387.4475
pt x 242.9075pt>
File: chapters/binary_outcomes_files/figure-pdf/fig-lpm-oob-1.pdf Graphic file 
(type pdf)
<use chapters/binary_outcomes_files/figure-pdf/fig-lpm-oob-1.pdf>
Package luatex.def Info: chapters/binary_outcomes_files/figure-pdf/fig-lpm-oob-
1.pdf  used on input line 11415.
(luatex.def)             Requested size: 387.44655pt x 242.90689pt.


[218]
<chapters/binary_outcomes_files/figure-pdf/fig-lpm-scatter-1.pdf, id=1901, 387.
4475pt x 247.92625pt>
File: chapters/binary_outcomes_files/figure-pdf/fig-lpm-scatter-1.pdf Graphic f
ile (type pdf)
<use chapters/binary_outcomes_files/figure-pdf/fig-lpm-scatter-1.pdf>
Package luatex.def Info: chapters/binary_outcomes_files/figure-pdf/fig-lpm-scat
ter-1.pdf  used on input line 11449.
(luatex.def)             Requested size: 387.44655pt x 247.92564pt.


[219<./chapters/binary_outcomes_files/figure-pdf/fig-lpm-oob-1.pdf>]

LaTeX Warning: Reference `fig-lpm-scatter' on page 220 undefined on input line 
11455.



[220<./chapters/binary_outcomes_files/figure-pdf/fig-lpm-scatter-1.pdf>]
<chapters/binary_outcomes_files/figure-pdf/fig-heterosk-1.pdf, id=1934, 387.447
5pt x 242.9075pt>
File: chapters/binary_outcomes_files/figure-pdf/fig-heterosk-1.pdf Graphic file
 (type pdf)
<use chapters/binary_outcomes_files/figure-pdf/fig-heterosk-1.pdf>
Package luatex.def Info: chapters/binary_outcomes_files/figure-pdf/fig-heterosk
-1.pdf  used on input line 11504.
(luatex.def)             Requested size: 387.44655pt x 242.90689pt.

LaTeX Warning: Reference `fig-heterosk-scatter' on page 221 undefined on input 
line 11511.

<chapters/binary_outcomes_files/figure-pdf/fig-heterosk-scatter-1.pdf, id=1935,
 387.4475pt x 233.87375pt>
File: chapters/binary_outcomes_files/figure-pdf/fig-heterosk-scatter-1.pdf Grap
hic file (type pdf)
<use chapters/binary_outcomes_files/figure-pdf/fig-heterosk-scatter-1.pdf>
Package luatex.def Info: chapters/binary_outcomes_files/figure-pdf/fig-heterosk
-scatter-1.pdf  used on input line 11531.
(luatex.def)             Requested size: 387.44655pt x 233.87315pt.


[221<./chapters/binary_outcomes_files/figure-pdf/fig-heterosk-1.pdf>]

[222<./chapters/binary_outcomes_files/figure-pdf/fig-heterosk-scatter-1.pdf>]
<chapters/binary_outcomes_files/figure-pdf/fig-logistic-function-1.pdf, id=1965
, 387.4475pt x 242.9075pt>
File: chapters/binary_outcomes_files/figure-pdf/fig-logistic-function-1.pdf Gra
phic file (type pdf)
<use chapters/binary_outcomes_files/figure-pdf/fig-logistic-function-1.pdf>
Package luatex.def Info: chapters/binary_outcomes_files/figure-pdf/fig-logistic
-function-1.pdf  used on input line 11595.
(luatex.def)             Requested size: 387.44655pt x 242.90689pt.

LaTeX Warning: Reference `fig-logistic-function' on page 223 undefined on input
 line 11601.



[223]

[224<./chapters/binary_outcomes_files/figure-pdf/fig-logistic-function-1.pdf>]
<chapters/binary_outcomes_files/figure-pdf/fig-lpm-vs-logit-fit-1.pdf, id=1984,
 392.46625pt x 233.87375pt>
File: chapters/binary_outcomes_files/figure-pdf/fig-lpm-vs-logit-fit-1.pdf Grap
hic file (type pdf)
<use chapters/binary_outcomes_files/figure-pdf/fig-lpm-vs-logit-fit-1.pdf>
Package luatex.def Info: chapters/binary_outcomes_files/figure-pdf/fig-lpm-vs-l
ogit-fit-1.pdf  used on input line 11652.
(luatex.def)             Requested size: 392.46527pt x 233.87315pt.

LaTeX Warning: Reference `fig-lpm-vs-logit-fit' on page 225 undefined on input 
line 11658.



[225<./chapters/binary_outcomes_files/figure-pdf/fig-lpm-vs-logit-fit-1.pdf>]

[226]

[227]

[228]
> Step: init table outer spec.
> Step: parse table options.
> Step: split table.
> Step: init table inner spec.
> Step: parse table inner spec.
> Step: execute table commands.
> Step: calculate cell and line sizes.
> Step: build the whole table.

LaTeX Warning: Reference `tbl-lpm-logit' on page 229 undefined on input line 11
890.



[229]
<chapters/binary_outcomes_files/figure-pdf/fig-pred-comparison-1.pdf, id=2031, 
387.4475pt x 237.88875pt>
File: chapters/binary_outcomes_files/figure-pdf/fig-pred-comparison-1.pdf Graph
ic file (type pdf)
<use chapters/binary_outcomes_files/figure-pdf/fig-pred-comparison-1.pdf>
Package luatex.def Info: chapters/binary_outcomes_files/figure-pdf/fig-pred-com
parison-1.pdf  used on input line 11941.
(luatex.def)             Requested size: 387.44655pt x 237.88815pt.


[230]

LaTeX Warning: Reference `fig-pred-comparison' on page 231 undefined on input l
ine 11947.



[231<./chapters/binary_outcomes_files/figure-pdf/fig-pred-comparison-1.pdf>]

[232]
<chapters/binary_outcomes_files/figure-pdf/fig-odds-ratios-1.pdf, id=2060, 386.
44376pt x 242.9075pt>
File: chapters/binary_outcomes_files/figure-pdf/fig-odds-ratios-1.pdf Graphic f
ile (type pdf)
<use chapters/binary_outcomes_files/figure-pdf/fig-odds-ratios-1.pdf>
Package luatex.def Info: chapters/binary_outcomes_files/figure-pdf/fig-odds-rat
ios-1.pdf  used on input line 12043.
(luatex.def)             Requested size: 386.44281pt x 242.90689pt.

LaTeX Warning: Reference `fig-odds-ratios' on page 233 undefined on input line 
12049.



[233<./chapters/binary_outcomes_files/figure-pdf/fig-odds-ratios-1.pdf>]

[234]
<chapters/binary_outcomes_files/figure-pdf/fig-marginal-effects-1.pdf, id=2078,
 387.4475pt x 233.87375pt>
File: chapters/binary_outcomes_files/figure-pdf/fig-marginal-effects-1.pdf Grap
hic file (type pdf)
<use chapters/binary_outcomes_files/figure-pdf/fig-marginal-effects-1.pdf>
Package luatex.def Info: chapters/binary_outcomes_files/figure-pdf/fig-marginal
-effects-1.pdf  used on input line 12181.
(luatex.def)             Requested size: 387.44655pt x 233.87315pt.

LaTeX Warning: Reference `fig-marginal-effects' on page 235 undefined on input 
line 12187.



[235]

[236<./chapters/binary_outcomes_files/figure-pdf/fig-marginal-effects-1.pdf>]
> Step: init table outer spec.
> Step: parse table options.
> Step: split table.
> Step: init table inner spec.
> Step: parse table inner spec.
> Step: execute table commands.
> Step: calculate cell and line sizes.
> Step: build the whole table.

Underfull \hbox (badness 5077) in paragraph at lines 12279--12279
[]\TU/lmr/m/n/10.95 Ta-ble 10.4: De-ter-mi-nants of Low
 []

<chapters/binary_outcomes_files/figure-pdf/fig-smoking-bwght-1.pdf, id=2094, 38
7.4475pt x 233.87375pt>
File: chapters/binary_outcomes_files/figure-pdf/fig-smoking-bwght-1.pdf Graphic
 file (type pdf)
<use chapters/binary_outcomes_files/figure-pdf/fig-smoking-bwght-1.pdf>
Package luatex.def Info: chapters/binary_outcomes_files/figure-pdf/fig-smoking-
bwght-1.pdf  used on input line 12302.
(luatex.def)             Requested size: 387.44655pt x 233.87315pt.

LaTeX Warning: Reference `fig-smoking-bwght' on page 237 undefined on input lin
e 12308.



[237]

[238]

[239<./chapters/binary_outcomes_files/figure-pdf/fig-smoking-bwght-1.pdf>]

LaTeX Warning: Reference `sec-advanced-did' on page 240 undefined on input line
 12391.



[240]

[241]
chapter 11.


[242

]

Package longtable Warning: Column widths have changed
(longtable)                in none 15 on input line 12504.


Package longtable Warning: Column widths have changed
(longtable)                in none 16 on input line 12552.



[243]

[244]

LaTeX Warning: Reference `eq-panel-model' on page 245 undefined on input line 1
2649.



[245]

[246]

[247]

[248]

[249]

[250]

[251]

[252]

[253]

[254
Missing character: There is no ≠ (U+2260) in font [lmroman10-regular]:+tlig;!
]
> Step: init table outer spec.
> Step: parse table options.
> Step: split table.
> Step: init table inner spec.
> Step: parse table inner spec.
> Step: execute table commands.
> Step: calculate cell and line sizes.
> Step: build the whole table.


[255]

[256]

[257]
chapter 12.


[258

]
<chapters/did_files/figure-pdf/fig-selection-bias-1.pdf, id=2244, 377.41pt x 24
0.9pt>
File: chapters/did_files/figure-pdf/fig-selection-bias-1.pdf Graphic file (type
 pdf)
<use chapters/did_files/figure-pdf/fig-selection-bias-1.pdf>
Package luatex.def Info: chapters/did_files/figure-pdf/fig-selection-bias-1.pdf
  used on input line 13435.
(luatex.def)             Requested size: 377.40907pt x 240.8994pt.

LaTeX Warning: Reference `fig-selection-bias' on page 259 undefined on input li
ne 13441.



[259]

[260<./chapters/did_files/figure-pdf/fig-selection-bias-1.pdf>]
<chapters/did_files/figure-pdf/fig-research-spectrum-1.pdf, id=2268, 311.1625pt
 x 224.84pt>
File: chapters/did_files/figure-pdf/fig-research-spectrum-1.pdf Graphic file (t
ype pdf)
<use chapters/did_files/figure-pdf/fig-research-spectrum-1.pdf>
Package luatex.def Info: chapters/did_files/figure-pdf/fig-research-spectrum-1.
pdf  used on input line 13551.
(luatex.def)             Requested size: 311.16174pt x 224.83945pt.


[261]

[262<./chapters/did_files/figure-pdf/fig-research-spectrum-1.pdf>]

Package longtable Warning: Column widths have changed
(longtable)                in none 17 on input line 13622.

<chapters/did_files/figure-pdf/fig-before-after-problem-1.pdf, id=2290, 391.462
5pt x 225.84375pt>
File: chapters/did_files/figure-pdf/fig-before-after-problem-1.pdf Graphic file
 (type pdf)
<use chapters/did_files/figure-pdf/fig-before-after-problem-1.pdf>
Package luatex.def Info: chapters/did_files/figure-pdf/fig-before-after-problem
-1.pdf  used on input line 13650.
(luatex.def)             Requested size: 391.46153pt x 225.84319pt.

LaTeX Warning: Reference `fig-before-after-problem' on page 263 undefined on in
put line 13656.



[263]

[264<./chapters/did_files/figure-pdf/fig-before-after-problem-1.pdf>]

Package longtable Warning: Column widths have changed
(longtable)                in none 18 on input line 13710.



[265]

[266]

LaTeX Warning: Reference `eq-att' on page 267 undefined on input line 13879.



[267]

LaTeX Warning: Reference `fig-did-visual' on page 268 undefined on input line 1
3909.

<chapters/did_files/figure-pdf/fig-did-visual-1.pdf, id=2333, 385.44pt x 234.87
75pt>
File: chapters/did_files/figure-pdf/fig-did-visual-1.pdf Graphic file (type pdf
)
<use chapters/did_files/figure-pdf/fig-did-visual-1.pdf>
Package luatex.def Info: chapters/did_files/figure-pdf/fig-did-visual-1.pdf  us
ed on input line 13921.
(luatex.def)             Requested size: 385.43906pt x 234.87692pt.

LaTeX Warning: Reference `fig-did-visual' on page 268 undefined on input line 1
3927.



[268]

[269<./chapters/did_files/figure-pdf/fig-did-visual-1.pdf>]

LaTeX Warning: Reference `eq-did-estimator' on page 270 undefined on input line
 14023.

<chapters/did_files/figure-pdf/fig-did-regression-anatomy-1.pdf, id=2357, 385.4
4pt x 232.87pt>
File: chapters/did_files/figure-pdf/fig-did-regression-anatomy-1.pdf Graphic fi
le (type pdf)
<use chapters/did_files/figure-pdf/fig-did-regression-anatomy-1.pdf>
Package luatex.def Info: chapters/did_files/figure-pdf/fig-did-regression-anato
my-1.pdf  used on input line 14052.
(luatex.def)             Requested size: 385.43906pt x 232.86942pt.


[270]

[271<./chapters/did_files/figure-pdf/fig-did-regression-anatomy-1.pdf>]
! Missing $ inserted.
<inserted text> 
$
l.14112 The coefficient on `post` (\)\hat
                                       {\beta}\_2\$) tells us that control

Here is how much of LuaTeX's memory you used:
 50890 strings out of 475506
 125009,3417909 words of node,token memory allocated
 12309 words of node memory still in use:
   72 hlist, 4 vlist, 4 rule, 10 disc, 13 local_par, 1 dir, 4 math, 342 glue, 79
 kern, 147 penalty, 790 glyph, 726 attribute, 72 glue_spec, 364 attribute_list, 
1 temp nodes
   avail lists: 1:1,2:5818,3:1268,4:158,5:870,6:190,7:7233,8:98,9:2819,10:24,11:
555,12:1
 71956 multiletter control sequences out of 65536+600000
 118 fonts using 34825183 bytes
 108i,12n,114p,10918b,1332s stack positions out of 10000i,1000n,20000p,200000b,200000s
!  ==> Fatal error occurred, no output PDF file produced!
